,codigo,cobacia,cocursodag,q95,LinearRegression_intervalo_i,LinearRegression_intervalo_f,LinearRegression_qtde_dados,LinearRegression_desvio_padrao,LinearRegression_media,LinearRegression_media_lower_bound,LinearRegression_media_upper_bound,LinearRegression_mediana,LinearRegression_mediana_lower_bound,LinearRegression_mediana_upper_bound,LinearRegression_moda,LinearRegression_dentro_intervalo
"(40025000,)","(40025000,)",7699871,76998,2.601039999999997,-48.54259361979329,35.34643011413043,216,6314952901971.303,-385783976594.509,-1288143567163.875,138695571787.6674,-5.164006234134774,-8.973895943602454,-1.8456919100346454,-92148069800270.0,1
"(40032000,)","(40032000,)",76999351,76,7.1585,-48.57220126232471,37.442239597066404,208,4104313417776.094,344984451544.941,-109535965514.22704,960070929131.5378,-5.036046385947863,-10.329610660381391,-2.2896683230536823,-17676270065695.35,1
"(40037000,)","(40037000,)",76999211,769992,4.9898,-54.57493835502421,44.797548621779946,187,3409714760316.057,302046523922.85254,-141473847645.09625,838232322357.9019,-5.991569809492205,-8.827546678889652,-2.7482763132511963,-19324254568361.996,1
"(40040000,)","(40040000,)",769978931,769978,1.143840000000003,-2340744525299.213,37.29887346216033,182,7820886410339.478,-914815017936.3245,-2268864750722.5933,-31354412737.717598,-3.0271010750816814,-5.888291761242807,2.318862859824518,-92352355681062.38,1
"(40050000,)","(40050000,)",7699733,76,30.2281,-33.44641835865426,68.27827492884805,199,3230075526094.5986,-241334086754.20892,-789742532572.2019,102174907833.45897,12.952647262667128,8.123364685088688,17.55773967788008,-40769693453730.12,1
"(40053000,)","(40053000,)",76997231,769972,0.4344,-1766303907610.8484,46.691067500461585,201,4237498513161.7817,29049209509.799538,-592771052300.9418,585915854742.4664,0.7319477354144936,-3.4351490334143335,3.1990416863403794,-43404172503190.12,1
"(40060001,)","(40060001,)",76996713,76996,4.138,-623494826859.2185,8057800139597.923,189,5142379777136.737,50148787982.552704,-675231493904.8933,788346604088.9388,-4.800975455440337,-9.72441758420959,0.344124048419161,-51560303063364.23,1
"(40070000,)","(40070000,)",7699531,76,44.5338,-29.502994212829602,101.86791548839575,218,2009065374968.565,-227257103769.91962,-513863646705.6277,-20364731614.48952,30.8836960761687,25.768923763208754,36.09694128465624,-23362459375492.94,1
"(40080000,)","(40080000,)",7699435,76994,1.06597,-2657687013158.507,41.61363967987033,209,6835927510514.855,-607669609032.8031,-1784392217940.2627,83827469823.07938,-0.42270181224296266,-3.7786964298107932,2.9014954919468607,-91056748889421.42,1
"(40100000,)","(40100000,)",7699139,76,50.0127,-20.703685350512785,245.66681111137726,211,4683525874753.061,-348679123476.7975,-1039308953812.7756,96592836367.85028,51.98694801366711,45.12623515644999,56.7769050585743,-65097947579682.65,1
"(40150000,)","(40150000,)",769891173,7698,7.8011,-30.001002856242092,65.1882565251201,208,1469382337987.722,4678358076.410513,-205410380378.6148,182980095753.2801,15.221715252290757,11.326876124437176,20.428545805595974,-17216318156463.389,1
"(40170000,)","(40170000,)",769883,76988,2.2915,-30.969777541676944,47.13053729208116,191,2166086481097.952,71555021481.26266,-230054015867.01947,399046939287.41046,9.082553698743837,4.919825638481356,13.584700344611335,-17555516576457.553,1
"(40185000,)","(40185000,)",7698815,76988,4.6613,-40.03312643736406,51.53213569440875,185,944783749034.3003,-78695139413.96259,-244958454973.28616,22452348480.88793,12.118409039870002,5.085722150591906,15.823693999412683,-11669778257639.973,1
"(40269900,)","(40269900,)",76986931,76986,0.6751,-41.92216664013456,50.36281683700661,205,2328206335381.8613,-22048045050.801674,-324230095541.76965,311076223204.976,8.247897371368325,5.4989143520481605,11.299367490189937,-16109852259870.277,1
"(40300001,)","(40300001,)",7698615,76986,3.1201,-39.086601365228894,59.7314786417112,210,3978082122425.2427,-214542946611.59702,-855740092616.4567,198768578589.80286,11.641457650829636,6.929145196551964,16.21259211693538,-52761186824080.78,1
"(40330000,)","(40330000,)",7698555,7698,20.7338,-17.44558155727714,118.66704005347282,212,6897913117656.306,-539737987343.1264,-1653099365349.4639,18179886153.458393,33.75109430018621,27.945087196461017,38.21216848363933,-99460895336695.3,1
"(40400000,)","(40400000,)",7698417,76984,4.3194,-30.738524634267414,54.5244659343472,204,2779861366975.407,37983544335.984085,-353220883021.959,427133649071.287,10.172839319306433,6.013493129917251,12.528402015492752,-25400508231008.348,1
"(40500000,)","(40500000,)",76982331,76982,0.7619,-46.11041341994131,50.30184389411979,218,3215062991110.4224,-141749850400.73724,-635659976049.7878,194679918563.4359,4.120407966752325,1.748615478443071,9.148345994628002,-43858847618188.375,1
"(40530000,)","(40530000,)",7697451,76974,0.4606,-2055998541614.6592,44.21358359454788,218,6675028223084.333,-403436909309.12366,-1441625845655.5835,251723798129.13263,1.7103314602998623,-3.7275387395762536,4.822795437003367,-91791833613846.81,1
"(40549998,)","(40549998,)",76969233,769692,1.9377,-386389511048.1506,59.49191356252877,206,4397839893769.6035,-115912371756.49803,-816326061918.0494,473396890987.73157,4.889125786990093,0.3658222763824668,8.243474437213663,-46270592214020.82,1
"(40579995,)","(40579995,)",7696955,7696,2.254,-49.02409974476876,52.392931278503475,193,7664132167967.017,-252641895561.5174,-1518308221400.5635,660809742899.8108,8.468726768763673,2.7005051317537436,11.396066708469164,-91436151381602.86,1
"(40680000,)","(40680000,)",76968511,76968,1.91,-38.999076031769114,50.61996272395489,200,4045000070046.4624,152356303474.86694,-311033421037.4631,775479695181.9415,4.579585784372966,1.0087843056687262,8.882800626709766,-17341617161269.527,1
"(40710000,)","(40710000,)",7696777,7696,12.6221,-379990046427.22986,70.09908399144743,191,3438415788519.657,210558244771.9174,-181667913771.3487,786468939804.9958,13.173165665354247,11.204876474713178,19.029199844015523,-12269841978023.873,1
"(40740000,)","(40740000,)",76967351,7696,16.2733,-35.67459093743116,77.022269047396,207,2694369967737.3384,242424320263.05304,-37528098692.89687,658876138782.4784,15.989479286568482,12.26061276351696,19.939857025781826,-2039208956488.9001,1
"(40800001,)","(40800001,)",7696573,7696,19.7695,-25.828836040680184,121.46080268034166,192,3855630118878.5093,135312337789.15718,-356998825799.3508,696146814288.211,23.81728603956786,19.794544969622784,28.23560835203841,-20354118438725.023,1
"(40810350,)","(40810350,)",7696568,7696568,0.036,-38.69031326008922,50.454654338999596,204,4627646611853.029,142219650372.26407,-369397836573.03485,811404082607.2219,6.77376055655936,3.6447493383773875,9.814927471571089,-20444498083391.234,1
"(40810800,)","(40810800,)",76965675,769656,0.0785,-41.38459875809315,51.70955626851682,199,8144236739461.729,-201428359610.2442,-1523033160913.9763,786660843583.0906,6.86361358123024,4.630839533351278,10.421670096258993,-93083396371871.03,1
"(40811100,)","(40811100,)",76965655,769656,0.1986199999999995,-42.6395666548795,44.68247609826606,229,1648743259229.0862,98703431541.11221,-33492653189.378883,329578233144.8356,9.044605562173771,6.288067918875157,10.553981041905018,-2999498978996.0225,1
"(40822995,)","(40822995,)",76965623,7696562,0.1309,-44.69652605423759,3651470855826.029,203,2827941282145.8853,247866889008.44827,-116201145117.53952,653224811060.0674,9.998446009301759,7.241113376165956,12.978669378840564,-21571421815472.074,1
"(40823500,)","(40823500,)",769656213,7696562,0.2903,-47.1764332035377,46.19652563325934,191,1522435522865.4336,-163614297210.22397,-424504557719.8794,6.606885369502867,8.565587852305654,3.9675400259034035,12.085487416891311,-16775584749787.045,1
"(40850000,)","(40850000,)",7696397,7696,25.3048,-22.600237591245435,141.00378036612372,196,3392812176110.0806,-169363775590.22223,-708588389510.2083,185962079736.24228,39.45731348364194,34.91703805241838,44.03006202933503,-44533209866705.87,1
"(40930000,)","(40930000,)",76958597,76958,2.27,-3726701916427.258,34.157037514991615,200,6621451308348.53,-674478921427.5803,-1823835885938.737,-52884967293.56542,-8.646757832897087,-11.25965964760664,-4.710418439676949,-90131426119963.36,1
"(40960000,)","(40960000,)",769583715,76958,4.744,-45.87475304545363,46.73558786535192,192,1690734567627.253,-70050448951.89734,-328986468207.3201,127914606742.52834,4.694948545813496,-0.3876453346584867,8.480411901389132,-15725715508332.459,1
"(40963000,)","(40963000,)",7695835177,76958,4.3,-46.98155677700022,2753019895597.9375,206,7232491698746.343,-150540891674.61658,-1216550526218.114,678217198137.3682,2.4382946380945185,-1.7316617689174,7.4889073413401235,-85947616874382.44,1
"(40975000,)","(40975000,)",769565991,76956,1.8049,-51.49078518977005,35.096807222295254,186,3974777419793.3975,-253477814312.58032,-948280520641.2917,189985031979.92407,-1.789834056383981,-5.885768000798204,3.4041414819924682,-48918632957112.55,1
"(41020002,)","(41020002,)",7695557,76,267.5,65.38620487134789,957.2677747702437,200,18774999082385.086,-1323165005576.3826,-4215642512809.583,436307217467.4037,168.52278092976115,154.11200762083485,184.01368176244347,-254022470081055.25,1
"(41050000,)","(41050000,)",76954793,76954,2.8698,-46.92751701902309,33.007890786685635,186,116610164580.73428,-8550272114.031675,-25650816333.070484,-2.811432858787143,-5.310234639551211,-8.451477017617348,-0.780167217952652,-1590350612272.5461,1
"(41075001,)","(41075001,)",769543991,76954,9.669585,-42.12627222113526,64.61515316751225,186,2953761018158.9585,77084368259.94112,-302161307796.5866,511839332232.393,7.875859544745033,4.949304021410015,13.226143042641922,-15183731817990.273,1
"(41135000,)","(41135000,)",76951173,76,230.307,-81652454983.97787,759.782554414749,193,10195985007150.818,-281380703755.3852,-1649336923384.808,1153898844689.8254,187.88847408906742,176.98960998030557,200.09651741410016,-78599378113641.06,1
"(41150000,)","(41150000,)",769499975,7694,1.46,-45.539697621584644,45.27302085251035,178,2756769638249.081,211312926696.39032,-113283743516.81757,691614861989.9805,2.9792593088397794,0.38773257668101735,6.254434642017046,-9052241598973.023,1
"(41151000,)","(41151000,)",769499975,7694,0.8705000000000002,-37.66297876267906,31.495571962490498,191,6826481971842.263,-552879057177.5393,-1587095284436.9226,50143025617.20511,1.3383070535761163,-2.6708277358575714,4.747255744202718,-92656949798921.25,1
"(41180000,)","(41180000,)",76949983,7694998,3.4419,-34.38124216006187,46.63607293820803,181,1545998670718.446,-13490441479.106224,-250265869582.5903,197398061680.09717,2.847082465383039,0.23623563439186057,4.967024310950066,-16618420753660.826,1
"(41199998,)","(41199998,)",769499571,7694,11.5124,-1075134765574.9944,60.84844354529909,212,5690142551924.98,-199197013689.3817,-979092987146.4664,518806921282.6826,6.434386603742659,3.0936256783592526,8.301473631740919,-64072562919275.55,1
"(41250000,)","(41250000,)",76949831,769498,1.3317,-47.42834150179179,48.67033096916204,191,4632417400909.117,-26994295602.387886,-701082612121.5391,582631746813.2151,4.6240546135976786,1.418004321251587,8.692279661048858,-44925662701721.29,1
"(41260000,)","(41260000,)",7694977,7694,18.8523,-36.10875187541079,73.80648759403992,220,2964982763756.1577,71886928200.97102,-241794695454.34607,500492888182.837,21.36872869350765,16.609179555179782,24.69262960996275,-14430483649440.344,1
"(41300000,)","(41300000,)",76949639,769496,1.523,-50.54333724806147,48.65105596657049,212,6661591081571.251,-356032198587.22186,-1388563695760.862,305205409114.3255,2.7551459971780545,-0.3348414247278476,5.246228086693526,-91375539275900.53,1
"(41340000,)","(41340000,)",76949597,7694,21.8598,-30.33673688823739,82.74277882603936,175,3354120638865.4824,110440630497.24127,-323003915682.3468,626349334116.9244,22.62239262939194,19.30316684325915,28.21793124285489,-19869253289212.02,1
"(41380000,)","(41380000,)",769495811,7694958,0.98,-47.67359483748698,47.00822998855851,220,7225224559979.027,-145381285064.26282,-1205033517079.3103,665837431994.3218,3.13473317094234,-1.1641890115510058,7.066673977866148,-91760168175464.16,1
"(41410000,)","(41410000,)",769495597,7694,26.3377,-45031520498.75433,112.62867621262387,192,6018403047933.092,-108627975438.15657,-1160583213622.1963,602356309738.1211,30.376792936258212,25.746151735756655,34.62381258740121,-71999967431934.58,1
"(41440005,)","(41440005,)",769495675,7694956,0.5381,-38.273581579057144,47.55734818542174,208,1824974663246.662,103576116733.91422,-127681509802.24622,384555010819.8432,3.2729187162397793,0.07394035544602673,5.500963677754058,-12660993904126.39,1
"(41539998,)","(41539998,)",769495633,7694956,1.4889,-51.91325368063444,3111801971728.293,175,3878933665919.646,12381584221.075804,-620931004957.4778,575450411944.3073,0.9454837197149573,-4.030126427382754,4.779087759220317,-40755351610140.76,1
"(41600000,)","(41600000,)",769495513,7694,27.9617,-27.010418713901124,127.0454807140862,192,3641900631744.766,182629811758.01996,-267058390072.56448,768299150332.4941,31.787956393850795,26.784397850163856,37.51254168666187,-20642922900524.613,1
"(41650002,)","(41650002,)",7694937,7694,30.8772,-11.187962466197757,179.09284428812293,193,1239097573369.3276,64313678920.14265,-77724232683.07729,258829885421.77423,40.303935972791166,35.00452309467715,44.587734314154126,-8188390719313.108,1
"(41685000,)","(41685000,)",769492513,769492,0.0535,-66.01017933711707,44.51559688258965,204,1271314142530.1343,11690942002.930569,-158633784119.05554,173921025830.1193,0.3904912506378082,-1.5100753742204631,4.43450252033833,-12605295566738.465,1
"(41780002,)","(41780002,)",7694837,76948,8.7703,-34.331338571402945,189368752797.8657,196,3597212179549.816,26935751434.66996,-583429816244.2827,478272483645.0889,14.175286147436495,11.289847969378798,19.391639684316665,-38427218720721.82,1
"(41818000,)","(41818000,)",7694713,7694,41.95629000000001,-5.116814129685184,248.96882743647208,195,381581134800.5305,-23296865586.646194,-82421150192.35469,8927794307.491192,51.074176141783475,47.98533666799353,57.174219905691075,-5251188336388.224,1
"(41890000,)","(41890000,)",7694439,76944,1.0565,-50.07630598014545,38.09628844523004,200,1770311710154.3345,127532368116.16643,-54409552122.17877,414695406732.62897,-4.208237384115904,-7.233262081788862,-0.30102752493043994,-3614763458926.6143,1
"(41940000,)","(41940000,)",76942133,76942,0.3474,-43.69753723185965,41.77782013904018,180,2079094016349.964,251081732751.63126,-3.7115255028557006,611430936259.5626,-2.939751011006507,-6.225202352455373,0.46735643850903885,-54.35360852621119,1
"(41990000,)","(41990000,)",76941371,7694,49.4681,-0.5865840607818653,280.31263156790095,214,1190890147831.5823,-50990851746.36785,-248724121093.30325,79631149184.0425,74.7318052718276,66.85458649097725,80.5346025732994,-15447981031215.129,1
"(42089998,)","(42089998,)",769257,7692,0.9925,-47.155399120359135,61.643734127336806,195,1502043330069.0059,165521049667.9868,6701647056.765779,413248070904.81287,4.310867974921479,1.4024872314700474,7.935887899709314,-57.308203419289725,1
"(42100000,)","(42100000,)",7692453,76924,0.265,-92293541787.40671,34.3287261857909,206,2359474780554.2803,-265992837123.31393,-605526066794.0779,-468675318.78805244,-3.7852216180891816,-7.514763870560806,-1.1097521371444614,-20124149786080.05,1
"(42145498,)","(42145498,)",769235,7692,1.4438,-42.6422248951492,59.983628983017084,204,1463266902695.794,3424278974.6320176,-227987228645.73608,202176955955.69943,5.38294085696689,0.02089641888915139,9.343236844622336,-14302871147920.025,1
"(42187000,)","(42187000,)",76912733,76912,0.9316,-81203736046.49911,41.98160387085973,209,2509396481933.608,-296247901133.9309,-666430002183.7969,2026218860.0906847,-4.119524365818975,-8.487125459310917,-1.6827664825536601,-19648017107568.375,1
"(42210000,)","(42210000,)",7691133,76,351.6975,127.35731647080499,619.5515374354462,186,7733987831467.836,-863253423705.086,-2080552750188.1206,-24448319386.198208,287.25700648926517,275.71556164318446,305.2527192124271,-95450777479563.94,1
"(42250000,)","(42250000,)",76899393,768,1.3146,-62.354540840393724,36.40148876614228,182,2723547283169.6084,145798248381.14172,-211177445437.7647,553612351934.8464,-4.5004270535578,-9.92772353559053,-2.635806230457028,-15761452237007.418,1
"(42251000,)","(42251000,)",7689577,768,4.2191,-50.08759648440257,44.05204776129361,184,3856462740307.353,27601003447.795135,-489652223245.93994,622824592147.6022,-0.6898036998156272,-7.071700699445728,2.3145278703703127,-25918784516775.125,1
"(42255000,)","(42255000,)",768944393,768944,0.5634,-62.84514060305852,31.722095638102005,197,2523840587125.495,-9346310929.154942,-353964144507.20087,366591294967.35364,-8.514057726491046,-11.907377332666968,-5.614690280272029,-21772308671416.453,1
"(42257000,)","(42257000,)",7689411,76894,3.9056,-54.90772982451784,38.08437260715308,186,2318807150631.1846,80265307226.9173,-222142919435.66174,420729927312.2475,0.3827944989895187,-5.501688216060283,4.1324173472133765,-15686255626045.049,1
"(42290000,)","(42290000,)",768911,768,14.04103499999995,-2414281797697.681,90.99191484916373,177,9158862903819.785,-1016426070686.8395,-2548038435326.956,34160561745.146217,20.397180647643722,12.62393152232139,24.43095514433793,-98007789321218.0,1
"(42365000,)","(42365000,)",7688133,7688,9.8188,-45.38609178382291,49.12733733503299,216,2405705860025.715,201838302978.19766,-1184980546.318578,606122211459.5688,4.2354235480248335,1.3526266712676467,7.437635190627482,-127977899390.98724,1
"(42395000,)","(42395000,)",768755,768,24.3336,-30.586552115177007,458.7503412229925,213,4020250507520.871,-200758230031.5069,-847553269295.0,204215665544.30188,38.70795703575497,31.304596457804564,44.634679509723874,-55652776333290.555,1
"(42435000,)","(42435000,)",768641,76864,1.5634,-49.596964365589656,42.74245984906414,199,1075280779837.161,-113986318589.05173,-283353095428.7117,7445673036.617352,-3.8587770297620807,-8.058601257856594,0.0814901288721205,-11964252652736.002,1
"(42440000,)","(42440000,)",7686915,7686,1.2908,-3185554706329.3,33.98617147789453,207,2949987101627.0093,-46034480699.93347,-414625621169.311,359070371116.24817,-8.378561424876068,-12.782559693550908,-3.2399432601596203,-19809430689946.984,1
"(42460000,)","(42460000,)",76847751,7684,14.8822,-3654781016090.6895,9471880765573.879,202,5184016534459.488,85188889614.21165,-677155122392.1511,759734196726.9519,17.61011514455712,12.29272382969451,21.437091175576676,-49181873259301.66,1
"(42490000,)","(42490000,)",76847333,7684,14.6056,-46.34056387143332,70.01720707355115,193,4322418648950.92,-157854986825.6175,-816830876552.824,371893609727.2926,14.884285540405969,8.69550099083645,22.143868887112625,-51214978720645.6,1
"(42540000,)","(42540000,)",7684717,7684,16.5676,-46.94895263607566,72.53258864226805,201,2314287240364.593,75546385812.91437,-162890933791.0511,437131392407.58246,18.291206033910242,12.513824968499392,24.120552360905435,-9834584739590.0,1
"(42545002,)","(42545002,)",7684653,76846,0.9202,-747166343570.99,40.77800509372355,184,1804578992718.38,-132690961853.52628,-393318923204.9166,102813050890.3562,-14.167813741184645,-18.26941678733081,-10.659786946343981,-16169898006350.99,1
"(42545500,)","(42545500,)",76846111,76846,1.0102,-65.16013846332056,44.848098946191556,188,3566384870299.582,-62409679654.47515,-638881913451.131,425434638177.7855,-8.556578486662325,-14.39864819904247,-3.4845041694097105,-41280768044212.266,1
"(42546000,)","(42546000,)",7684473,76844,1.1114,-186784020589.5717,39.61943266248826,184,1989472475461.8752,-28053668586.090607,-309240745158.33264,280270494768.6552,-8.589936710411848,-14.292920650775883,-4.384768368306567,-15913222922836.7,1
"(42600000,)","(42600000,)",7684319,7684,19.0626,-39.7630271238295,132.07713076478103,208,5349109229139.358,-539429180867.4137,-1398863216924.3384,-12676403276.383905,21.909529417269283,14.547249985420812,27.32860915375616,-69701572377558.74,1
"(42690001,)","(42690001,)",7683771,768,48.2795,-3012898782651.543,2775260636565.41,210,13248142167479.297,-1238357893676.3352,-3168221501644.9287,226628425321.239,90.82391731717811,78.55056555189628,99.44094981232303,-127505402933157.48,1
"(42750000,)","(42750000,)",76833,768,60.9434,-233226074879.51114,259.4745245874546,194,2950126111414.296,-252895377913.51962,-712332994248.3885,91041526240.25804,94.42988359310249,87.53130228954873,101.27277948261036,-30779215859726.207,1
"(42840000,)","(42840000,)",76829935,7682,0.8080000000000002,-55.13996817337998,31.238491378053265,193,1669171410665.321,-11255943862.89195,-280513686411.70557,224427539582.77197,-10.387035702990985,-14.902272915501243,-6.930106664978128,-16586869983279.377,1
"(42850000,)","(42850000,)",7682353,7682,4.8713,-56.649536822094596,3673254335968.512,202,3114893581188.7974,367515854903.34204,51900848.861302555,825072743785.6841,1.6329234686180314,-3.5254288624674643,5.1880030045197785,-7644828156590.622,1
"(42860000,)","(42860000,)",768215,7682,6.2164,-48.34858076669942,59.553002852974736,180,2715129709578.943,68330681656.48149,-320615745822.81116,462967800956.811,3.7020921861886507,-0.4171106695324056,8.658382279239751,-23292820857977.184,1
"(42980000,)","(42980000,)",768173,768,72.7823,-448515529742.71875,967.1113856543491,191,7686401964486.53,-96787473472.28485,-1166814503780.1606,1045360612781.558,115.85320204029313,107.13548950894497,127.06807857924109,-59687352294319.98,1
"(43200000,)","(43200000,)",76795,76,417.366,212.6445120702278,1311.196890865969,210,26949337462416.793,2370816222068.7905,-736492736182.8898,6224929491972.377,403.59997412977884,380.40081591757837,442.13509691777557,-155054954656869.66,1
"(43250002,)","(43250002,)",76789191,7678,3.9026,-56.035488791566884,55.69206244971183,193,3403636891624.82,3127535521.5567923,-449349705628.9315,459704558262.29083,4.639114154504796,0.8027778694267909,11.125615750922762,-26036278602022.527,1
"(43300000,)","(43300000,)",7678817,76788,5.661469999999989,-51.781672833224775,113.91934740878926,204,6451355848257.984,-270089501468.07306,-1246902055230.617,432203859191.74664,6.187068525876839,1.9694362506455463,13.78983759156062,-84739994519537.14,1
"(43429998,)","(43429998,)",7678537,7678,14.256,-31.592329456711703,161.7854394580303,203,3886347157306.9326,-163566686778.04492,-859234211817.6561,226902980772.4782,38.46453185812978,34.211133923734245,43.5704537598883,-52112586772507.66,1
"(43670000,)","(43670000,)",76783311,7678,21.952,-18.606261635534146,280.2801178086972,200,516136690278.89087,20814967972.327423,-44478747144.337944,103369280905.84932,50.69661631851184,44.55129246520467,57.94299614538569,-3755771739523.525,1
"(43675000,)","(43675000,)",7678235,76782,2.2008,-3650257059516.714,39.34797871277097,208,4302491792055.7725,-21362184179.66038,-543909447611.1547,607737556967.1877,-8.959512959984757,-12.906897899798572,-3.2658810970854404,-19891812390431.69,1
"(43880000,)","(43880000,)",76781573,7678,26.507345,-15.619489134994952,581.9060298925987,193,650985990988.5629,-3042565088.1397524,-104697415937.29785,84483042130.03664,60.008273626889604,52.81938957450881,66.08338135304473,-6817887687054.626,1
"(43980002,)","(43980002,)",7678139,7678,19.7051,-6.516256774185525,1566930066537.813,211,3345988959067.12,446576746498.0326,64106080367.19874,953258685266.105,67.47451382526341,59.24531269841792,73.75191822907223,-855685793173.9386,1
"(44200000,)","(44200000,)",767557,76,480.486,276.2981192882822,1278.7805932004992,204,24982664027170.06,894896879599.0447,-1764077531841.2336,4807242133109.268,454.3945386306133,431.6639852718208,473.5504219882728,-126950167618711.27,1
"(44250000,)","(44250000,)",767231,7672,6.8993,-1436711229058.9558,59.190662034645484,188,3221205872422.7383,-74202062500.84238,-506728744772.7553,367279473348.6631,8.987855608626276,4.661031826742374,11.863266834276004,-16299610286158.709,1
"(44290002,)","(44290002,)",7671751,76,539.255,264.5747313105198,535078458476.3324,195,28975398200473.438,1320548102733.3875,-2284737283363.0845,5938366497438.066,490.4490523802449,461.20753866081157,519.4383075206142,-159959277315087.66,1
"(44500000,)","(44500000,)",7671113,76,499.1056,261.34434976769256,1110.385053562261,207,63706345582951.74,-1785119823737.727,-10485925170888.213,5884423467085.2705,489.94077887938636,470.4338931088714,517.1426250286814,-764848448369951.4,1
"(44540000,)","(44540000,)",7658713,7658,0.9242,-37.46606586818732,2671108886460.785,187,2080171706398.5022,319767055740.35785,56441199374.099976,649878389892.4114,9.204082852766476,5.331857137236227,11.748982711982876,-55.322611580554224,1
"(44630000,)","(44630000,)",7669391,766,0.2635,-10934666558.707281,59.785823920714826,196,5126337228226.981,403412472966.96936,-199120363136.0351,1212663557576.9893,2.9191370880419214,-0.6327286934869605,5.9739002707559195,-16260813023558.715,1
"(44670000,)","(44670000,)",766519,766,0.0224,-27.29415963341686,108.59990676675885,207,4766861545828.572,337836605659.84973,-261482942900.41895,1069583616504.0361,20.57400068356263,17.041280991418958,25.047922084281197,-29289117723724.184,1
"(44950000,)","(44950000,)",766191,766,0.0,-123834150467.9893,132.95985905261847,195,7324570601410.5,-550533843443.7852,-1734723421485.6724,270931210240.53067,36.03672360901775,29.35912810690452,42.245781122916824,-91050329799688.03,1
"(45131000,)","(45131000,)",765641311,76564,29.2342,-3265730146312.7764,88.38643469852774,224,2594974610296.877,-253915024518.98993,-617522134854.044,58953197502.79741,20.353802156479198,16.584188969514237,25.64850651045134,-18595071298383.086,1
"(45170001,)","(45170001,)",7656571,7656,35.2917,-32.79243617494326,86.06510367934953,199,1101952279069.6272,116485384187.07512,-11259444305.433243,288007003832.055,25.019799864213297,20.757115349269498,28.144557942221184,-1804690646448.7495,1
"(45210000,)","(45210000,)",7656393,7656,60.6356,-1282789286104.862,1741718749144.2593,216,10094425996209.84,281643727844.3393,-943432154102.2963,1736698907123.9438,32.79977888341064,27.21544994301116,39.67539321724143,-74492860540538.52,1
"(45220000,)","(45220000,)",765623371,76562,3.8259,-38.742271989668986,55.62790302292808,208,1600102281924.552,-94657024313.97589,-334191029668.2397,102273553074.16801,11.88674283608296,6.3766637029427145,14.947217619788866,-16227874986732.572,1
"(45260000,)","(45260000,)",7656193,7656,64.84307000000018,-19.944953615654878,146.80116628500892,180,1202902127019.2078,73738215700.53058,-79989573278.7363,254697526656.70822,38.17603876498603,33.94502357130243,41.45268623891431,-5575212244324.367,1
"(45298000,)","(45298000,)",765593,76,592.418,264.99126154760285,1287.004106995796,223,19418263095305.688,-1940578717916.1497,-4696467080131.733,319544314597.5567,564.7717001082839,538.4886935272899,596.0333706506433,-167310237924871.12,1
"(45480000,)","(45480000,)",765131,76,521.196,314.79390269098775,1167.8433080204406,225,19937201521110.47,-1862744850110.921,-4873762929084.822,603.8480308519765,574.3436481160954,541.9220409385448,607.2414287636361,-274048606269342.75,1
"(45590000,)","(45590000,)",76461117,7646,21.0648,-3646797823542.147,94.51025198548098,194,6746347053726.503,-500945773114.4216,-1644427010234.0784,223271540696.35748,28.702195384742062,21.927339652997745,32.41743908278521,-87413755850284.11,1
"(45740001,)","(45740001,)",764711,764,19.308,-17.188404165688034,150.5249806446459,221,8196104727155.639,706420073508.5221,-91739415017.99677,1951715911167.535,32.18375740558987,27.176710643046235,39.21052690178124,-14964503419436.576,1
"(45770000,)","(45770000,)",76441333,7644,30.2317,-82007904141.41087,89.9348328166243,207,3214647360970.1924,99929356336.61845,-238834214103.89648,596384689584.6722,26.018264706560956,22.577267035709184,32.38187772399713,-15090103860018.1,1
"(45840000,)","(45840000,)",7642331,7642,38.6483,-31.051747649892913,80.71139628458357,189,6000721427466.655,-460751287554.7607,-1357711761904.169,30.0714089160765,30.853412227442647,23.079132929302247,36.450231820922454,-82443536298486.38,1
"(45880000,)","(45880000,)",76421513,7642,37.4758,-13.670340954295062,98.04127464968356,209,759325779398.9142,-31582116374.102158,-139491728936.99158,59686990043.436134,32.159459574794255,28.02247692304746,36.92434566263931,-9717923784878.031,1
"(45910001,)","(45910001,)",764199,764,116.727,-1.2432444753797278,465.9353861599817,195,4772229936780.772,-439254848908.4021,-1217743406535.3164,67337932577.48678,69.61244800822362,63.9795891568403,80.05096058440293,-54137827950836.07,1
"(45960001,)","(45960001,)",7641511,764,100.569,1.4890011424000598,347.2933017230311,211,1082201586521.5323,6536544966.728469,-156227309787.47046,162772037679.9964,68.34713941671649,63.88956970859458,73.7057503618326,-10988176078383.926,1
"(46035000,)","(46035000,)",763935,76,651.657800000002,375.63234587957663,1204.1204411839174,196,23429791164617.02,790521434750.363,-1824834386382.056,4270684576760.7437,607.5152645354518,589.5556161780455,655.3461154835476,-126147803768789.1,1
"(46105000,)","(46105000,)",7637,76,653.749,318.39180211547074,1290.5889622240481,173,34446886741439.96,-3453135043097.4067,-10337644562738.055,231328545017.9574,570.7651078745442,551.7734856890921,605.8663112168267,-401958079136633.0,1
"(46150000,)","(46150000,)",763379,76,674.9713000000012,357.35306600589206,1246.5698174125,221,19094179835545.56,-1237673948561.136,-4029299665027.696,716039120325.7427,604.9506407317423,578.0190136401516,650.0464868821364,-250168669885063.25,1
"(46360000,)","(46360000,)",763193,76,649.721,376.03537111278644,2337132188486.163,190,35623726996985.75,2602303364291.293,-1064086078660.3663,7935810304953.9795,619.0864986145443,588.04578847338,658.0977973297731,-92078078220761.6,1
"(46415000,)","(46415000,)",7628113,7628,12.7955,-29.58158041659884,941686970648.1991,213,2366143172486.9414,158368983829.95792,-167171226553.0312,500059529862.4219,24.122472516569815,19.522741130454737,31.36995764054177,-15318124867683.488,1
"(46455000,)","(46455000,)",762913,762,25.9419,-632240688732.7644,113.41584383796516,178,2724823728085.3486,-80267463043.3487,-507532048507.13477,317468177736.3952,33.18136853528748,28.26397602987204,39.22553579726609,-22494857779616.445,1
"(46490000,)","(46490000,)",7627817,76278,1.7296,-535512516826.4022,70.15363886503218,198,1946184812435.2478,-209629783824.84573,-511673157638.845,7831606815.580462,18.5945467357106,14.137259427127617,23.348718366580385,-18001067857100.91,1
"(46543000,)","(46543000,)",762619,7626,22.3438,-52413192740.02783,91.58350571100246,222,2352434599317.203,20113113919.37882,-251595635073.76157,367559030705.3648,23.38131120464191,19.385546574319847,29.378618969257314,-14356983540541.623,1
"(46550000,)","(46550000,)",762595,762,44.9176,-3.971955968728505,191.31832645920653,196,333816232139.1803,-33767036228.548557,-85238403854.13202,85.08443954730895,71.97253963545917,66.48557028841597,82.13929724123832,-3470048936699.806,1
"(46570000,)","(46570000,)",762455,7624,4.1632,-889637593405.6577,81.34087404284847,194,3724472572920.9585,-270943553356.71097,-918100833534.9342,172394069245.05298,27.548557745174147,21.642388883558574,33.055777217717505,-43558284855978.11,1
"(46590000,)","(46590000,)",7624175,7624,26.5578,-28.613050168559717,149.9806668360262,217,5661308726323.888,-204093458212.91428,-1024577087819.1123,331104414701.83167,31.186909064654223,27.54248914366346,35.08793547618674,-80384466300901.55,1
"(46610000,)","(46610000,)",7623993,762,92.2362,22.157089768216157,404.3136904461677,184,26491312361044.27,1964141275977.1995,-48797249292.47536,5908221342633.114,83.4721246427634,77.5552380780832,92.36835495055539,-4951446994892.062,1
"(46650000,)","(46650000,)",762377,762,90.0729,8.949043595185124,257.34622330509785,204,717647535507.9507,-19568641522.02317,-131389840710.68167,65220085398.95415,89.56653126492131,80.52933326556263,96.32630823153096,-9171447968463.56,1
"(46675000,)","(46675000,)",7623371,762,91.2264,10.759044694823956,632389793312.1333,205,1198185488387.4614,-27219381529.950035,-180859721358.4848,143823212949.1626,89.84566376133766,84.26398449432237,98.19531818164573,-11027200823646.129,1
"(46770000,)","(46770000,)",762291,7622,23.9332,-45.10844340522528,101.44712931226536,210,1516579280660.315,158904719390.12216,-2192231432.5134015,391176769894.2114,28.1115208329166,23.50140703895412,34.317981062089174,-1780701691127.401,1
"(46790000,)","(46790000,)",76225737,7622,65.8824,-22.918350979944954,121.55739124165265,196,1680397585636.959,27460382684.73006,-171998247955.69333,293228241598.55664,37.451487039949,31.86915698868068,42.923331994442876,-9113130489409.28,1
"(46870000,)","(46870000,)",7622351,7622,63.9294,-28.399470454421326,270.0802921104408,202,23600975015741.71,1593201667837.9343,-205336490247.94553,5014422761416.683,48.61539262466868,40.80060330085114,53.93505224083096,-11703308768493.143,1
"(46902000,)","(46902000,)",762311,762,155.102,13.29360586537935,210.44849591178402,208,1214255399501.18,111627319009.42447,-5427504719.063696,304901994226.1418,89.19047570932342,81.90699133118821,97.47222734264454,-614359963105.8303,1
"(47249000,)","(47249000,)",7619457,76194,0.0,-52.87257529929492,376384145.45526904,192,1889799672934.5398,41253198196.690544,-247512143089.46066,291446887664.43005,5.306669726250291,1.296478852706335,9.005912268264227,-16357393161614.81,1
"(47480000,)","(47480000,)",76187333,7618,0.0813,-52.691623768917495,71.57888197219276,181,3464145936630.5376,-3856736394.62077,-459128628759.6384,530598448941.441,9.132593646540016,6.024301327727442,13.303496613373582,-20591072379685.39,1
"(47900000,)","(47900000,)",7616313,7616,0.1093,-8161920423347.733,58.93165633638528,189,12418526579736.537,-982036027163.0443,-2908408364548.9624,569008942080.4001,-1.7153217394522926,-4.515983286509467,2.568909993345045,-110181587012696.64,1
"(48020000,)","(48020000,)",761593,76,893.539,403.73874275629606,1335.5425165304514,196,32758755964497.613,1595748911605.3035,-2585515046959.098,6171003890873.482,717.7698310955554,672.4972047745499,750.0582621114891,-182183784087504.66,1
"(48290000,)","(48290000,)",76153553,76,819.714,345.0106971510086,1242.2633604394107,214,35055050205214.22,1220087113272.3364,-3247956785072.8667,6253563182433.428,662.7755320063402,639.7253810630468,699.0257116719313,-185105955198928.7,1
"(48430000,)","(48430000,)",7614511,7614,0.0,-23.14485380253564,97.846471049604,219,6845383273140.119,-423201441346.95746,-1432825214389.7476,212266728070.2677,37.9231063143778,32.51357374700355,43.18343633020175,-96033313754011.55,1
"(48460000,)","(48460000,)",76142153,76142,0.0,-1289677308280.7324,96.26856942721007,187,16531366097075.178,1162619893288.8826,-566535716155.2688,4093327836347.1216,34.49405336278281,28.101956727674136,38.98740868332559,-27142440439395.105,1
"(48590000,)","(48590000,)",761375,76,806.112,-3510636087398.0376,1277.4565823438513,195,17889790173250.742,-2537279669313.547,-5028321237159.249,-370494404049.6462,707.832612235514,660.2352746973844,743.6745688795165,-183222253911681.12,1
"(48860000,)","(48860000,)",76125111,7612,0.0,-58.33605665369739,56.20319839430017,207,3756128478297.2715,-5417032054.537657,-593365353586.7878,401156834238.8118,0.008131886867460025,-4.5850718628942815,4.339151689263442,-45451658351040.3,1
"(48880000,)","(48880000,)",76124197,76124,0.0,-101.40874821226974,5.932043694006218,221,2027207926515.48,191234641723.30386,-45.03308699211072,490876966904.2763,-42.196227295158096,-44.95333261721683,-36.75544988377288,-112.85950282485663,1
"(49160000,)","(49160000,)",76118195,76118,0.0,-88.04512454261578,26.102985618008738,216,6611721903044.519,476100330445.1665,-145468693888.787,1465092126934.26,-30.155080885928122,-35.28222816069535,-24.789970303649127,-16201317289160.14,1
"(49330000,)","(49330000,)",76117153,76,710.2378499999994,367.0668424844879,1296.1912058112857,198,6074817847407.524,-442064013933.40765,-1361183834980.1445,240567410086.5834,683.6701233890223,658.9905674849867,717.8796535706266,-74805252207026.45,1
"(49370000,)","(49370000,)",7611555,76,781.017,386.2802797613216,1873208962138.8352,232,19033560154760.79,1751424209379.389,-278339800897.3036,4389316874245.3794,673.9887086861056,646.1007267730772,705.5718357806346,-83951514169359.55,1
"(49480000,)","(49480000,)",76114533,76114,0.0,-81.40307845439699,30.18838445944204,207,1405980316559.826,54543012576.307915,-107886744555.65877,264279601529.01202,-15.172289041871977,-20.96871834272106,-9.741705403144962,-7982436880776.833,1
"(49660000,)","(49660000,)",761119993,76,804.869,377.2979210169236,13541232309172.207,196,30100578623712.15,3764784263003.8354,143919981783.2763,8505849269288.717,675.4948188249045,637.0296167712966,713.2452483113387,-41109381504497.766,1
"(49705000,)","(49705000,)",76111953,76,749.272,399.9654311748823,12046250464680.184,190,26319604783036.977,3476749640078.4,428315386020.5115,7453140640190.398,702.8497512668391,675.248850631059,724.9469949354886,-18888137625014.562,1
