,index,q95,RandomForestRegressor_intervalo_i,RandomForestRegressor_intervalo_f,RandomForestRegressor_qtde_dados,RandomForestRegressor_desvio_padrao,RandomForestRegressor_media,RandomForestRegressor_media_lower_bound,RandomForestRegressor_media_upper_bound,RandomForestRegressor_mediana,RandomForestRegressor_mediana_lower_bound,RandomForestRegressor_mediana_upper_bound,RandomForestRegressor_mse,RandomForestRegressor_rmse,RandomForestRegressor_r2_score,RandomForestRegressor_dentro_intervalo
"(0,)","(0,)",2.601039999999997,1.1345491475000005,2.338186542500002,600,0.3168010767207673,1.631917459440477,1.6068975273273818,1.6565071810229173,1.5988332500000002,1.575441652500001,1.6292969006250009,1.0393941492949572,1.0195068166986219,-5.27035446890985e+30,0
"(1,)","(1,)",7.1585,2.173155212500001,4.335461804999998,580,0.5263960577206739,3.7763322245689652,3.7365805687650844,3.8170508642995684,3.984419999999999,3.9560726437499993,4.013349368749998,11.715673924524564,3.4228166653393175,-3.712845270625445e+30,0
"(2,)","(2,)",4.9898,2.219689135000001,5.99804796,587,1.0791833944253446,5.055739938245315,4.969239669120528,5.143294771908006,5.511035599999999,5.476732922500001,5.544629799999999,1.1670008251982122,1.0802781240024313,0.0,1
"(3,)","(3,)",1.143840000000003,0.869498175,2.1591979499999985,611,0.3356869267959158,1.4450564453822772,1.4176247140405072,1.471286931448445,1.4145465999999984,1.3870479714285715,1.4598175,0.20323263145519518,0.45081329999812025,-4.1220474760022514e+30,1
"(4,)","(4,)",30.2281,17.333143475000007,30.999412312500016,616,3.4179567646800835,24.5620131484578,24.31140704774757,24.82971881077923,24.573917475000002,24.287006174999995,24.91366055625,43.7680036731995,6.615739087448922,0.0,1
"(5,)","(5,)",0.4344,1.12791885,1.9441199000000007,631,0.21067806715336884,1.5073147633801223,1.4911464998382666,1.5227576306118404,1.4999591999999995,1.4853421500000004,1.5135768999999997,1.1954609963365066,1.09337138993871,0.0,0
"(6,)","(6,)",4.138,1.7065096700000002,3.6308194625000003,580,0.47422448021972696,2.4363422082758626,2.3946954872780175,2.474069774349138,2.3444487499999997,2.306119200000001,2.3973324187500005,3.1201403583654144,1.7663919039571638,-9.888119495195601e+29,0
"(7,)","(7,)",44.5338,20.50341404000001,35.009847360000016,617,3.512877536801965,28.926753676175032,28.62596643964951,29.205188384371958,29.209998999999986,28.88912699999998,29.555538750000004,255.9002030424426,15.996881041079307,-1.2671564296299927e+30,0
"(8,)","(8,)",1.06597,1.58765253,2.795221810000001,612,0.3178234664303651,2.308023161367881,2.2819326006614737,2.3337151923722,2.3537061500000007,2.3353681350000017,2.3768068000000007,1.6435427595891772,1.2820073165115624,0.0,0
"(9,)","(9,)",50.0127,25.420389487500007,45.39568061875004,616,4.8910358013908395,34.28982958084417,33.90561255227071,34.71620720796267,33.949414550000014,33.579927075000015,34.40994820437502,271.09205063712636,16.464873234772455,-5.369531261050856e+30,0
"(10,)","(10,)",7.8011,5.314848887499998,10.035157356250005,596,1.146213902233665,7.757640342197985,7.663556348403942,7.850989535866189,7.756764049999999,7.674164400000002,7.850543999999998,1.313490678527184,1.146076209737897,-1.6650472470291692e+30,1
"(11,)","(11,)",2.2915,2.358137337500001,4.241264387499998,586,0.4573397668759559,3.223231725255972,3.1838272842896753,3.260028980908702,3.21986365,3.1684999249999994,3.2552247500000004,1.0769267424631461,1.0377508094254353,0.0,0
"(12,)","(12,)",4.6613,4.00711173,7.173351200000004,597,0.8093947406462789,5.675188722529313,5.6102137421796465,5.73620474107412,5.753489999999997,5.690941999999996,5.817821,1.681992834681788,1.296916664509246,-2.1321792264639497e+30,1
"(13,)","(13,)",0.6751,0.7033445599999998,1.6299509999999997,645,0.21829007734721087,1.0939615008859354,1.0775143478668325,1.1108467633898114,1.0672621999999994,1.0498072499999997,1.0861737999999996,0.2230216379587655,0.472251668031745,-1.8093664846227966e+31,0
"(14,)","(14,)",3.1201,2.3049249875,4.603350787499997,620,0.5881697730881879,3.3110782422580645,3.2645678146149186,3.357260189532258,3.2406190499999994,3.2126796000000004,3.2871468287499983,0.38185839730998616,0.6179469211105321,-1.9362521062087746e+30,1
"(15,)","(15,)",20.7338,22.642958443749993,29.541604243749994,596,1.7315403068413275,25.403811390184558,25.258997728370378,25.544146536524742,25.146554474999995,25.01503559999999,25.333870518124986,24.802207628343815,4.980181485482614,0.0,0
"(16,)","(16,)",4.3194,3.611700999999999,7.113030999999999,641,0.8938906274817717,5.273251985257409,5.205808992794461,5.344738867587752,5.309760000000001,5.242849974999999,5.369457999999998,1.7076275107090555,1.3067622242432078,-2.1646750389165714e+30,1
"(17,)","(17,)",0.7619,1.2815276700000002,2.1307594350000016,558,0.2233785264369593,1.6366165179979517,1.6177765466199436,1.6550800527243341,1.6037822999999995,1.5837536500000005,1.631087121249999,0.8149375300533409,0.9027389046968901,-6.611558714372021e+31,0
"(18,)","(18,)",0.4606,1.2104044949999997,1.83804518,603,0.16277046528445657,1.4487020534885098,1.4363561848948707,1.4613054641616323,1.4247823,1.4095751214285712,1.4398002999999997,1.0027959551232826,1.00139700175469,0.0,0
"(19,)","(19,)",1.9377,1.7398798099999988,2.8594715425,584,0.2735275340745897,2.2243174299474058,2.2017941025937176,2.247734454949393,2.1949368999999987,2.164356849999998,2.2182423462499985,0.15683875121114174,0.3960287252348518,-7.952669484473991e+29,1
"(20,)","(20,)",2.254,1.7962376999999998,2.803043728571427,601,0.2648026725358413,2.15528527504754,2.1333571843920853,2.176494759627852,2.100921300000002,2.0811976000000003,2.1242019200000004,0.07974837933387802,0.2823975554672491,0.0,1
"(21,)","(21,)",1.91,1.6978990330357162,2.6929771399999995,582,0.2402924032005689,2.112521818059647,2.092091324630738,2.133079382770006,2.0887373000000014,2.070208284107144,2.1035602921428587,0.0986563154497393,0.31409602902574124,0.0,1
"(22,)","(22,)",12.6221,6.684924375000006,10.2909935625,611,0.8969647019461846,8.717510108101475,8.644155914394437,8.788134848588381,8.829036400000001,8.767412517500002,8.896196100000004,16.049051131752172,4.006126699413309,0.0,0
"(23,)","(23,)",16.2733,15.28842601875001,22.64049225625001,616,1.852032790208877,18.5398666669643,18.398775828476072,18.681592825551967,18.45236772500002,18.312772825000014,18.610088000000015,8.56178168865968,2.9260522361467984,-6.783342310407817e+29,1
"(24,)","(24,)",19.7695,19.2477656425,26.127428429999988,602,1.6741577910745655,22.496568969352158,22.372917350053985,22.63146525222176,22.4114371,22.289753939374997,22.55674037999999,10.235053651907114,3.1992270397561837,-8.109044940755115e+29,1
"(25,)","(25,)",0.036,0.12517681999999994,0.4230090674999994,622,0.10083543423206678,0.2094612842845657,0.2023589565062297,0.21763818777733093,0.18041194999999993,0.1765801999999999,0.1843531274999998,0.040240255021525256,0.2005997383386261,-8.357573989396236e+32,0
"(26,)","(26,)",0.0785,0.10126791499999971,0.4515042925000003,578,0.1138959714580118,0.1985628454584773,0.18973527560661746,0.20837756659493925,0.16198659999999981,0.15668171499999978,0.16852393249999986,0.027364935761641868,0.16542350425995053,-1.4208686998918043e+32,0
"(27,)","(27,)",0.1986199999999995,0.16677280000000008,0.6010858899999993,645,0.1281673308862776,0.3029386046179402,0.2934137842292359,0.31319327375470657,0.2692141999999998,0.26092564749999997,0.2758355099999998,0.02728376796864988,0.16517798875349549,-3.541635567815348e+31,1
"(28,)","(28,)",0.1309,0.2291013799999995,0.6008734550000001,607,0.11424281813977498,0.3363044059896441,0.3275465628294888,0.34567815071634456,0.3033033999999993,0.2993271999999991,0.3099043999999993,0.05522088997836009,0.23499125511039787,0.0,0
"(29,)","(29,)",0.2903,0.2164852600000001,0.7884818500000004,595,0.14573724466495067,0.4558734075750297,0.4442685596362543,0.4676807699879949,0.4377346999999993,0.42620395874999956,0.44746899999999984,0.04861820140125703,0.22049535460244288,0.0,1
"(30,)","(30,)",25.3048,21.2406303,30.77155245000002,637,2.4655551819645756,24.93169066248037,24.724296460551408,25.12996574645997,24.51897059999999,24.283959478749995,24.68952415,6.208629821038953,2.4917122267707708,-4.9189833245218204e+29,1
"(31,)","(31,)",2.27,2.8443838499999994,4.785354099999998,621,0.4988536877324953,4.085768280595811,4.051157046439209,4.124701732896536,4.199719899999998,4.154821099999996,4.232694400000001,3.5454687178901283,1.8829415067627906,0.0,0
"(32,)","(32,)",4.744,3.8893828599999978,6.179972619999998,585,0.5673529478745623,4.919269985470086,4.872032477301282,4.96588940692094,4.9069350000000025,4.862183999999999,4.9370117,0.35205869703366227,0.5933453438206643,0.0,1
"(33,)","(33,)",4.3,4.832714820000002,8.341854830000004,609,0.8977456634486776,6.3819685203612515,6.315536801442942,6.453188139472498,6.359913700000004,6.290963850000002,6.434818400000005,5.139216801473856,2.2669840761403366,0.0,0
"(34,)","(34,)",1.8049,1.4999304299999998,2.8527398600000007,638,0.34459681021853555,2.1649079314263324,2.1375008582974138,2.191537259862853,2.1720805000000007,2.1343402499999997,2.2049774999999987,0.24816654853837303,0.49816317461086285,0.0,1
"(35,)","(35,)",267.5,64.44617997000002,181.79934583000022,589,34.36975331752863,149.79516586061138,146.9570965651848,152.7887216675702,162.83526470000024,161.49481970000014,163.7644230000002,15033.702354224737,122.61199922611463,0.0,0
"(36,)","(36,)",2.8698,1.561436215000001,2.8578070650000007,603,0.3414525532566011,2.1234954361051894,2.098005961924012,2.152351975247869,2.0933634,2.0489778000000025,2.1178189000000014,0.6733669985537761,0.8205894214244881,-3.4143763195623024e+30,0
"(37,)","(37,)",9.669585,16.073680607500005,21.01080788,610,1.253002729212929,18.197199456147548,18.101560624040992,18.295539517645498,18.037131575000018,17.914589945000007,18.164045850000008,74.28765035565362,8.619028388145246,0.0,0
"(38,)","(38,)",230.307,79.61337478500003,225.97352269500004,597,41.65664578299272,184.86584418525965,181.4743403250461,188.19657795650127,199.91121299999998,198.75740000000005,201.6216759,3797.268119471765,61.62197756865456,-4.700790244995999e+30,0
"(39,)","(39,)",1.46,0.7802993000000006,1.8341225000000019,586,0.2492180031330514,1.1204188401023902,1.0994418184471,1.1407750250725268,1.0615691000000012,1.0456382100000012,1.0809333425000016,0.17731898814220282,0.42109261231016964,-3.596456348005211e+30,1
"(40,)","(40,)",0.8705000000000002,0.9368887999999997,1.8905648000000006,641,0.22574468583202087,1.4182466734789385,1.4004107326599056,1.43610104977379,1.4048861999999989,1.388579599999998,1.4257495999999998,0.3509075796740047,0.5923745265235539,0.0,0
"(41,)","(41,)",3.4419,1.1179669099999994,1.9275792799999991,617,0.21659044055299287,1.4504005273721816,1.4335400735759665,1.4677892396899925,1.4224535999999985,1.4113978999999994,1.4421142999999998,4.012905536942659,2.0032237860365623,-2.034784845025819e+31,0
"(42,)","(42,)",11.5124,3.5182717199999987,5.32557211,587,0.4548256232452097,4.30713953994889,4.269819203324103,4.34514963378407,4.270548999999999,4.2258996674999985,4.316353617499996,52.12229223187846,7.219577011977811,0.0,0
"(43,)","(43,)",1.3317,0.9685532937499997,1.60763446,642,0.16207483069414322,1.196694156931464,1.184221142858255,1.2104181324513237,1.1670564,1.1575524999999995,1.1763899999999994,0.04445391212876316,0.21084096406714506,-9.016324542803133e+29,1
"(44,)","(44,)",18.8523,12.432317507499993,20.161979158749997,608,1.9747097076107263,15.496428688980266,15.344784904095402,15.66063561007813,15.044340750000002,14.915096009375006,15.235439130625007,15.154937069619617,3.892934249331681,-1.200697817045272e+30,1
"(45,)","(45,)",1.523,1.0324625999999988,1.6822167099999992,573,0.1687228932064839,1.2999226631762646,1.286082998088693,1.3149868597160925,1.2810124999999999,1.2569290999999998,1.3096262999999992,0.0781812315443438,0.2796090691382234,-1.5857037615003135e+30,1
"(46,)","(46,)",21.8598,18.20424200875002,22.759084661250004,562,1.1342503154398689,20.2615219214413,20.16691296674824,20.35338333883676,20.244053950000023,20.121805475000027,20.356727455000026,3.8387274062595216,1.9592670584326992,-3.041353187910898e+29,1
"(47,)","(47,)",0.98,1.0580404999999997,1.45294056,605,0.10117055357200412,1.2795963872255016,1.2711080814607434,1.2873015157662333,1.2909257499999995,1.2824817000000004,1.2982689999999995,0.0999765579983738,0.31619069878535927,-2.027765500086255e+30,0
"(48,)","(48,)",26.3377,22.239700338749984,27.309966918749982,598,1.2684362708733818,24.90028502633778,24.804225189044722,25.0021904809678,24.91752852499999,24.825634724999986,25.036593674999985,3.6724018604222457,1.9163511840010552,-2.9095765141522038e+29,1
"(49,)","(49,)",0.5381,0.3470565199999998,0.8952643925000002,598,0.13393183694846875,0.5765014716376016,0.5664719419587614,0.5871261930180962,0.564049375,0.5553224000000002,0.57629395,0.019382413756691967,0.13922073752387598,0.0,1
"(50,)","(50,)",1.4889,0.5545626374999998,1.0955267499999997,586,0.13871245425341933,0.8072080153705508,0.7954153410491831,0.8184895326279862,0.7990254999999999,0.7896799349999999,0.8131278474999997,0.48391227215467375,0.6956380324239566,-9.814906916074856e+30,0
"(51,)","(51,)",27.9617,22.774574162500006,29.109066218750005,586,1.6005561304265747,25.760595330119454,25.630880020895905,25.892877702715445,25.68138019999998,25.55803248625,25.85857145437498,7.402270056315964,2.7207113144021666,-5.864682549962738e+29,1
"(52,)","(52,)",30.8772,28.395127109999997,41.03976860000004,577,3.1954264577366565,33.68560653960139,33.424401166741774,33.942687148843156,33.36877279999999,33.09062579999999,33.62377993499998,18.080201264221397,4.2520819917096375,-1.4324611240523404e+30,1
"(53,)","(53,)",0.0535,0.6041828500000002,0.9536828500000001,611,0.09584946641700764,0.7716430802899229,0.7640975061056232,0.7790808569523032,0.7675925999999998,0.7570840000000003,0.7759703999999998,0.5249015677774302,0.7245009094386495,0.0,0
"(54,)","(54,)",8.7703,8.424617893750003,14.872254533750011,602,1.6243718847006656,11.019251803737546,10.890334208754158,11.158346289100917,10.760733450000004,10.648485301875004,10.919919200000006,7.691985205407114,2.7734428433640224,0.0,1
"(55,)","(55,)",41.95629000000001,32.99568231000001,49.810728570000045,570,4.337550034519057,39.85886700789476,39.49160154949344,40.22629127643204,39.482777725000005,38.96600625000002,39.69538108062503,23.18051589520318,4.814614823140391,-4.591374201274113e+29,1
"(56,)","(56,)",1.0565,0.8062084024999997,2.2108165825000015,570,0.3557966444104592,1.3525582543859644,1.3222309232368412,1.3816381798903505,1.3048741999999993,1.2739288674999991,1.3324393399999985,0.21401965224771297,0.4626225807801787,-4.340834250119204e+30,1
"(57,)","(57,)",0.3474,1.560456875,2.9301700624999993,576,0.3302085449649335,2.1453125178819445,2.117503764743924,2.172380381315104,2.09757,2.071914,2.1338942500000004,3.341337803591174,1.8279326583851971,0.0,0
"(58,)","(58,)",49.4681,43.44043049000001,80.27540705000003,617,9.827636656632778,61.552624317098875,60.78377616121962,62.34493814909442,61.36376985,60.45461794999997,62.24388958250004,242.46163466253458,15.571179616924807,0.0,1
"(59,)","(59,)",0.9925,3.9308330625000023,9.608747762500002,556,1.482920202908294,6.461217049100722,6.336274239624554,6.586570582045867,6.260872125000003,6.130359090625004,6.439966677500004,32.10196336123182,5.665859454772225,-6.511051699739223e+32,0
"(60,)","(60,)",0.265,0.3844583999999999,0.88251274,577,0.12981519275858813,0.6261147731740531,0.6153009705066229,0.6360704046833994,0.618171,0.6109759999999999,0.6254970000000002,0.1472266574635891,0.3837012607010682,-4.777778194004855e+31,0
"(61,)","(61,)",1.4438,8.179807813749992,24.370325749999996,604,3.9863214497899424,14.912606080463581,14.586885619023182,15.22779734756416,14.3370742,13.926282550000007,14.857934250000003,197.27318673104068,14.045397350414857,-4.001175577096629e+33,0
"(62,)","(62,)",0.9316,0.7171165249999996,1.5132359249999994,571,0.19902373465284964,1.0069708868651486,0.9908130739623464,1.0237287268695268,0.9777959999999999,0.9612041249999992,0.9989979999999993,0.04522184723210301,0.2126542904154605,-9.172080285952749e+29,1
"(63,)","(63,)",351.6975,184.1347078837501,333.2419709925002,580,37.722307917129356,255.851164659052,252.94295827767914,258.7055295357309,257.0063945000003,255.08278207500024,258.4831550875003,10607.039111996946,102.9904806863088,0.0,0
"(64,)","(64,)",1.3146,0.9411312000000002,1.8789110799999995,569,0.24030580763650608,1.3347613660306303,1.3164602159280068,1.3552803410224705,1.3016481000000002,1.2812469000000004,1.3283431,0.05805187349642042,0.24093956399151306,-2.9435796912844236e+29,1
"(65,)","(65,)",4.2191,3.5444873649999984,5.2322039375000005,599,0.3931643089588254,4.315765411686142,4.286423904169449,4.348169676275041,4.3073754,4.258915500000003,4.339659,0.16366431526513966,0.40455446514052923,0.0,1
"(66,)","(66,)",0.5634,0.4698318500000003,0.9258867625000006,566,0.11290036940745288,0.7273079919232714,0.7174514202908888,0.7359043223611818,0.7334970500000004,0.7273820750000004,0.7445789500000004,0.039589802922276304,0.19897186464994568,0.0,1
"(67,)","(67,)",3.9056,2.954706505000001,5.136265398749998,614,0.5497721276689559,4.084317665146583,4.037249133941371,4.126378376494302,4.092808550000004,4.044100142500002,4.143919753750004,0.3336971333430876,0.5776652433227116,-1.692045485507218e+30,1
"(68,)","(68,)",14.04103499999995,21.637953285000005,27.65452256499999,619,1.4856969545077465,23.93054572180937,23.81742533207189,24.052300376981016,23.714358700000012,23.598011999999994,23.863190943749995,100.00615185202022,10.000307587870497,0.0,0
"(69,)","(69,)",9.8188,6.567794150000004,12.698418937500003,616,1.6118155987270553,8.77565774472403,8.651127559042212,8.91077250878856,8.461320025000006,8.357190150000005,8.601817265625005,3.681877838515628,1.9188219923994065,-1.166833662990338e+30,1
"(70,)","(70,)",24.3336,28.270007639999985,44.882440920000036,593,4.386902107269164,36.00065351517709,35.65487000924328,36.326168078475995,35.74468450000002,35.39517915000003,36.149536350000034,155.33259435074055,12.463249750796962,-3.0766790072456927e+30,0
"(71,)","(71,)",1.5634,2.2658903699999984,4.162902199999998,629,0.5006323139930199,3.300154963910969,3.259536841957471,3.3395233348569144,3.376031,3.3302356999999994,3.4114984000000006,3.2665520562992727,1.8073605219488647,0.0,0
"(72,)","(72,)",1.2908,0.9845965800000003,1.3511736199999997,617,0.09426445543472366,1.147702943412827,1.1402413861414682,1.1548230810714286,1.1418132,1.1336862749999996,1.1488367000000002,0.02934815356173667,0.1713130279976881,-5.952512716500118e+29,1
"(73,)","(73,)",14.8822,7.182753543750004,12.6602537375,600,1.3689662043251396,8.915074601666669,8.803618873750002,9.020779596014588,8.597016000000004,8.480714025625003,8.699086581875004,37.477530540571436,6.121889458375693,0.0,0
"(74,)","(74,)",14.6056,16.104048438750016,22.4762181375,594,1.5923573661149133,18.55149837441079,18.437540876205823,18.68510460709808,18.280111450000017,18.162832600000023,18.425694675000017,18.101447272393724,4.254579564703629,-5.736577624962387e+30,0
"(75,)","(75,)",16.5676,16.676015763750016,23.72115665500001,640,1.801377536952159,19.515645940546893,19.364920326925795,19.65403688329494,19.21374340000002,19.047377252500027,19.334996198750016,11.930865646600475,3.4541085169114876,0.0,0
"(76,)","(76,)",0.9202,0.8595446450000003,1.5264521599999994,592,0.1712398901304309,1.1642247894124043,1.1506923518549415,1.1774524901289518,1.1518666000000002,1.1349266250000007,1.1677670275000007,0.08882166555618416,0.2980296387210241,-7.206069609956346e+30,1
"(77,)","(77,)",1.0102,1.1615756000000006,1.7950453999999996,561,0.16041575536077754,1.3902224928889741,1.3773965075085948,1.4029009749926795,1.3612726000000008,1.3499670900000003,1.3743524050000004,0.1701044394118224,0.41243719450580885,-3.4501279155501305e+30,0
"(78,)","(78,)",1.1114,1.0040430974999992,1.6749351600000002,608,0.16614524154598317,1.2489613359316252,1.235630503121328,1.2624964603998758,1.2222353499999992,1.2113965999999996,1.2361859399999993,0.04648196071902117,0.2155967548898201,0.0,1
"(79,)","(79,)",19.0626,18.84410240250001,33.474478465,607,3.615732631656496,24.83488596746293,24.56286834046334,25.138219189112437,24.470267899999996,24.239902249999997,24.727131508749974,46.37126982551891,6.809645352404111,0.0,1
"(80,)","(80,)",48.2795,64.46241787750003,116.04699622375007,590,14.294586955025006,85.15221844144071,83.98455173568435,86.31864886546613,81.86334642500003,80.91184831812502,83.47237600000005,1563.5862506015928,39.5422084689461,-7.742504097983265e+30,0
"(81,)","(81,)",60.9434,65.84626588249994,132.37648917374992,598,17.522243832291284,92.75385429623744,91.38971143688124,94.26396832476169,89.22627767499999,88.16065389999999,91.00769352500004,1318.420604981518,36.3100620349445,-2.6114010488407603e+31,0
"(82,)","(82,)",0.8080000000000002,0.4475812050000001,0.7393532212500004,594,0.07385450236551415,0.5857661658549786,0.5798607498722346,0.5918050487355703,0.5816774000000005,0.5717076381250003,0.5875485000000004,0.054833181919532674,0.234164860556687,-4.4485962222540346e+30,0
"(83,)","(83,)",4.8713,10.406170110000005,18.85104360375001,608,2.118604076505719,13.722427404769746,13.54524038835938,13.888829293275087,13.34514720000001,13.179894070625007,13.519011415625009,82.82355719471417,9.100744870323208,-2.6247832997729126e+31,0
"(84,)","(84,)",6.2164,21.823763345,28.561858237499997,642,1.7832507581567647,25.33137299010904,25.201065631111767,25.46084465575156,25.418931500000017,25.258480610000014,25.593895999999994,368.5572224341014,19.197844213194912,0.0,0
"(85,)","(85,)",72.7823,65.62956357500003,164.62736640000008,588,28.410968580021322,122.54802404328238,120.13258361619907,124.77973013542524,130.12872972500008,128.29963467500008,132.49827734437508,3282.4376647723057,57.292562037076905,0.0,1
"(86,)","(86,)",417.366,439.6029775399998,516.9253176249998,602,18.74821405359946,473.4361403565612,471.9912173351409,474.8950223586915,470.7114454999996,469.6408756249997,472.31021499999963,3494.7722901857856,59.11659910875951,0.0,0
"(87,)","(87,)",3.9026,5.778610250000001,9.726073339999992,589,0.9902604110660645,7.300066722580646,7.2224663497326,7.382838607814093,7.1410724000000005,7.057473499999998,7.21950725,12.52173093045569,3.538605789072257,-6.349271891955416e+31,0
"(88,)","(88,)",5.661469999999989,5.086629938750005,10.005946297500007,604,1.2311764290255454,7.329895157947024,7.2338044422558,7.42472754417219,7.2326444250000055,7.132668000000004,7.361525273125003,4.2969283120265835,2.072903353276892,-1.3617509384695428e+30,1
"(89,)","(89,)",14.256,24.619294912500003,38.45887663750005,616,3.5291906111699403,30.33517462678573,30.07141412305196,30.621463314117303,30.044699350000016,29.722579265000025,30.33072100000002,270.97482359024724,16.461312936404777,0.0,0
"(90,)","(90,)",21.952,28.6795008125,49.443981175000054,646,4.678939425035565,35.271850702708996,34.93714986173957,35.63472395195242,34.48308135000002,34.212876525625035,34.71320126625003,199.27700760675006,14.116550839590742,0.0,0
"(91,)","(91,)",2.2008,1.4515603999999993,4.050922399999998,629,0.6765992046454743,2.9173209831478535,2.862701635544515,2.9706977701192363,3.024023000000001,2.981340800000001,3.0703509399999995,0.9704610025669791,0.9851197909731482,-4.920821889608481e+30,1
"(92,)","(92,)",26.507345,28.85737651250002,60.26546642500003,586,8.937794699401676,37.76844899283279,37.10588427263655,38.480642921796104,34.241414600000034,33.942605812500034,34.705098112500046,206.56031610985514,14.372206375844147,-4.091348573437354e+30,0
"(93,)","(93,)",19.7051,36.64939031000004,61.321983339999996,585,6.650570290927436,43.997198410598315,43.484920072406005,44.541428438991474,41.86550510000002,41.58760850000001,42.230993550000036,634.260523401521,25.184529445703784,-5.025129582443807e+31,0
"(94,)","(94,)",480.486,460.3596467000007,537.9698058624996,570,18.370568790732793,504.27213968859644,502.7482623367543,505.74721053491214,505.8123654999998,504.6548470499999,507.1600522374999,902.6661726687227,30.044403350186915,-2.793616493137756e+29,1
"(95,)","(95,)",6.8993,1.3307421249999993,3.3129352099999974,610,0.5031994516126493,2.0795099575409823,2.0413689718032773,2.12247633994672,2.002532999999998,1.9708359999999996,2.0415747874999974,23.48317064364102,4.845943730961083,-3.307606151297053e+30,0
"(96,)","(96,)",539.255,473.5705646499999,519.5516352250002,575,10.590046577006685,489.7076911113045,488.90243331576096,490.61506919954365,488.50340600000027,487.908993575,488.97119449999997,2566.8898627254043,50.66448324739338,0.0,0
"(97,)","(97,)",499.1056,481.1971741499997,543.1565403999999,583,14.87377423749908,519.0946114811317,517.8863078975768,520.313409892238,521.5804729999993,520.9394749999993,522.3557169749995,620.4102732340283,24.908036318305548,0.0,1
"(98,)","(98,)",0.9242,0.3729534999999997,4.325607229999992,583,1.0301460777846931,1.6050397094339617,1.523830068426243,1.6853290311320748,1.3729483999999992,1.2981666000000007,1.4488395999999988,1.522923409765036,1.2340678302933903,-1.2355422556737725e+32,1
"(99,)","(99,)",0.2635,1.4738138000000003,3.6571794400000006,597,0.5780309230646345,2.4011168644891123,2.353473372512563,2.4453335186515917,2.3333309999999985,2.2650010000000007,2.3709670999999988,4.902965942797673,2.2142641989603846,0.0,0
"(100,)","(100,)",0.0224,10.829561137500002,39.101951112500046,591,7.576905102769341,19.878053737817268,19.2500857017407,20.49675407416245,17.703746000000006,17.339005100000012,18.176509400000008,451.55933671389647,21.24992556960839,0.0,0
"(101,)","(101,)",0.0,54.89660336000002,92.68464160000003,583,10.187825767999897,76.67974153207548,75.88411491755147,77.47318333959264,78.68306589999997,77.84522430000004,79.66014835999995,5983.3965247837905,77.35241770483836,0.0,0
"(102,)","(102,)",29.2342,14.56154626000001,30.736735279999987,609,4.173150219835529,21.634268664860436,21.30754574330871,21.964009827089495,21.084569450000014,20.800105400000007,21.339173000000013,75.14554269694217,8.668652876712862,-6.615159187795472e+29,1
"(103,)","(103,)",35.2917,7.1221581249999995,21.83855043500001,627,3.8598012986650434,16.070971663317394,15.764439918941395,16.37125843827952,16.769106700000012,16.47435510000001,17.13345170000001,384.3107029868127,19.603844086984896,0.0,0
"(104,)","(104,)",60.6356,30.00686110000001,40.28007686500003,605,2.6057473295429645,35.60413098214878,35.39300875573349,35.80654540741944,35.63292175000002,35.43028480000002,35.828187820000025,633.3531373302136,25.166508246680024,-1.2544851323329336e+31,0
"(105,)","(105,)",3.8259,1.0931865499999995,5.370559949999999,603,1.1005169173587313,2.4912641746268656,2.406905832690713,2.583352395547264,2.2536056999999996,2.148875699999999,2.3817449999999996,2.990381751885918,1.7292720294638197,-3.7907592226897283e+30,1
"(106,)","(106,)",64.84307000000018,40.48318035125002,64.80701579125,618,5.641327442525605,54.7891225423139,54.347893712095455,55.22848035222895,55.41980002499997,54.98930150000005,55.78577286937496,132.85493871914923,11.526271674706841,0.0,0
"(107,)","(107,)",592.418,539.8952792000013,641.7676509000005,589,27.30479441412343,568.9132068837024,566.671040795396,571.0630729061345,558.941930500001,557.5405630000014,560.0791620000012,1296.7613049111872,36.01057212696276,-1.0033204629659475e+29,1
"(108,)","(108,)",521.196,615.6027673000001,661.131389550001,607,11.518004989516442,635.011688754531,634.1293696970765,635.9400821781513,632.8686640000005,632.1644130000008,633.7170525000006,13086.456888046781,114.39605276427497,0.0,0
"(109,)","(109,)",21.0648,4.470739490000003,11.342017190000004,597,1.801487516057877,7.56125338961474,7.4170893312541875,7.701494295854272,7.3873205,7.280198499999999,7.575392099999999,185.58569222002882,13.622983969014602,0.0,0
"(110,)","(110,)",19.308,30.00051528375002,43.178202435000046,582,3.3353730703052684,37.11673186821309,36.849274479738,37.394299006093235,37.25049065000003,36.94292090000002,37.61473850000002,328.25652964398796,18.117851132073802,-2.6007161677002307e+31,0
"(111,)","(111,)",30.2317,8.026863449999997,22.780749290000013,589,3.861764028276698,17.403303005942284,17.110318082457564,17.705273294170212,18.49161755,18.2344141,18.72618870000001,179.45567128627306,13.396106571921301,-1.4217943088775242e+31,0
"(112,)","(112,)",38.6483,21.288263486250013,30.309103108749994,588,2.2408074842112087,26.127774663860546,25.943207603356722,26.312043325208332,26.25320127500001,26.07585752687501,26.462158479375,161.77623338750402,12.719128641047075,-3.204308427442681e+30,0
"(113,)","(113,)",37.4758,25.974625067500007,40.071793417500004,580,3.4749468607485707,32.074198729741376,31.773585491290955,32.358180381816815,31.58088565,31.290354500000017,31.79023518875,41.231732561532375,6.421194013696548,0.0,1
"(114,)","(114,)",116.727,47.082031542500054,72.37958499000005,599,6.4006498565310475,58.40786697495831,57.90821926454303,58.92722647806766,58.12665590000006,57.36051970000007,59.01822090125004,3442.021200856574,58.6687412584979,0.0,0
"(115,)","(115,)",100.569,50.51265469000005,99.94919812000005,609,15.634789739912762,85.2565973260263,84.04441345183089,86.43628080574715,91.9304789,91.35371520624997,92.37594430749998,478.5149356309668,21.874984242987853,-2.369491192854561e+30,0
"(116,)","(116,)",651.657800000002,588.2136106000002,658.8836701500018,608,17.87031421600924,630.713660690791,629.2125853942038,632.0520006350962,630.6449440000017,629.8344857875016,631.7548330000017,757.4798579473745,27.522351969760408,-1.4651791329769642e+28,1
"(117,)","(117,)",653.749,604.096040375001,663.068200325002,598,16.84719203921131,642.518115530102,641.0847669688561,643.9395553521756,647.0270220000017,645.3091905000022,648.312847850002,409.4860170210486,20.235760846112225,-3.1682445999865676e+28,1
"(118,)","(118,)",674.9713000000012,611.4742338750012,655.165090500001,606,12.219388341321778,641.9451044141925,640.9301469815605,642.807116160129,644.7559760000013,643.9161810000012,645.4720620000012,1239.7966544740652,35.21074629248953,0.0,0
"(119,)","(119,)",649.721,623.8429611000012,678.5514632500021,629,13.902874978605446,658.3163501327525,657.1911127706697,659.4833947942788,661.6911610000025,660.803875000002,662.3008040000022,266.86267938508564,16.335932155377165,-2.0647499737610922e+28,1
"(120,)","(120,)",12.7955,8.280138785000005,20.526724683750018,608,3.0345524105236947,16.276316178947386,16.036797592613095,16.51393437815997,16.916194725000018,16.78313371500002,17.113830572500017,21.309444030922226,4.616215336281685,-6.753232379082105e+30,1
"(121,)","(121,)",25.9419,19.75245519750002,24.86734484500001,624,1.3025062911406222,22.357031613782063,22.25784792441107,22.45151311316708,22.309414825000015,22.203070365625013,22.437321600000015,14.545085198686111,3.8138019349051295,-1.152380373905324e+30,0
"(122,)","(122,)",1.7296,2.941273839999998,9.197081200000005,625,1.6610607883432333,5.869326263920001,5.739845420960001,5.999020308796,5.852309999999999,5.7088734,6.008069000000002,19.892041886052375,4.46004953851999,0.0,0
"(123,)","(123,)",22.3438,17.354799467500005,25.495548235000008,602,2.1016837194504903,21.77381647317276,21.609654054973014,21.94862895328904,21.94258447500001,21.73716350000001,22.069971860000006,4.734618344473276,2.175917816571498,0.0,1
"(124,)","(124,)",44.9176,39.84974123750001,70.90703645625004,594,7.778103432015561,56.98592772188555,56.41093606791671,57.546219253186074,57.34930842500005,56.81096565187502,58.04711985000005,206.04157701374976,14.354148425237554,0.0,1
"(125,)","(125,)",4.1632,7.317641755000002,17.41438900000003,612,2.4278267563483253,13.078336214624189,12.888553571962833,13.27785035999592,13.421086275000008,13.254111925000002,13.582968039999999,85.36436520512682,9.239283803689917,-1.0821218879038079e+32,0
"(126,)","(126,)",26.5578,24.19306200375,36.39235042750001,602,3.06830235529423,29.17891045913621,28.93446679629776,29.42463499647633,28.886089149999997,28.629922561875002,29.11429984999998,16.269060712491537,4.033492371691254,-3.222419465209282e+29,1
"(127,)","(127,)",92.2362,67.33586310000004,93.52483420000002,621,6.229197451059373,83.59417551570051,83.12793638501614,84.07959914572668,84.56956745000008,84.06904540000004,84.91905360000008,113.42500352902955,10.650117535925581,-5.6165341329868496e+29,1
"(128,)","(128,)",90.0729,75.44504644874995,96.18075292124996,594,5.018383496118792,87.46417460378787,87.08663886642466,87.86331254767887,87.98957385,87.50409408562501,88.24592865000001,31.947223509461104,5.652187497726973,0.0,1
"(129,)","(129,)",91.2264,83.30120350000007,129.08803629000008,593,12.608860133295735,104.66808678532887,103.60279087337271,105.63876149633855,105.75709239999998,104.64039962499997,106.58136045,339.39419740507105,18.422654461425232,0.0,1
"(130,)","(130,)",23.9332,20.660217265000004,34.51510493500002,597,3.63723107172003,26.883086627386948,26.616058354359307,27.17883006987648,26.704846250000028,26.362539450000014,26.986265000000024,21.90912110099422,4.680718011266458,0.0,1
"(131,)","(131,)",65.8824,28.448699881249993,51.64516936375002,552,5.822692089853889,41.79005624402176,41.26374517056163,42.28661767974414,41.84038010000003,41.18430025000001,42.710176850000046,614.2833510048814,24.784740285201323,-3.041783822701352e+30,0
"(132,)","(132,)",63.9294,39.73405120500006,65.00263809750004,584,5.937692831153646,52.55165687551374,52.05542443710834,53.03536089429371,52.74082947500003,52.29556470000005,53.15110960000008,164.64886456502856,12.83155737099081,0.0,1
"(133,)","(133,)",155.102,85.00099686749999,94.76862709499984,587,2.4070149888546477,89.59081015826227,89.37822258008721,89.77644306282359,89.51166799999989,89.36238670000004,89.61450299999987,4297.499845583696,65.55531897248076,-5.320047127670796e+30,0
"(134,)","(134,)",0.0,0.40173839999999966,4.208819399999997,573,0.9650987140352733,1.703228647120419,1.6290633607111695,1.7835341679668413,1.5047010000000005,1.4041539999999997,1.5993380000000013,3.8307778451748145,1.9572372991476568,0.0,0
"(135,)","(135,)",0.0813,0.06925099500000004,3.4942317899999966,630,0.9831075677665694,0.9871207514285716,0.9092252695337305,1.0648483293095239,0.7034456000000001,0.6228369999999994,0.7745074100000019,1.785477595756935,1.3362176453545789,0.0,1
"(136,)","(136,)",0.1093,0.8247781799999999,21.86692667,593,5.46112178355827,8.23651309047218,7.773410726342751,8.678390954865096,7.388676700000002,7.0001917,7.877071013750006,95.82515058056289,9.789032157499683,0.0,0
"(137,)","(137,)",893.539,722.1437111374998,799.7104625875008,618,17.3694375203174,779.1004820881883,777.6454185599924,780.3588190690741,785.1245842500009,784.1390776687505,786.4473070687505,13397.383558194217,115.74706716886703,-1.036572345522016e+30,0
"(138,)","(138,)",819.714,724.8868861999997,842.7869303999996,593,31.065436293546508,813.8450349747047,811.3910260830099,816.3744795407038,825.6700545,824.5250859999998,827.1032196624998,997.8786604313284,31.58921747101894,0.0,1
"(139,)","(139,)",0.0,0.11768025000000001,2.078435189999989,564,0.481107669417058,0.5750453932624114,0.5373363949113475,0.614257864530142,0.4261866999999999,0.37746805000000005,0.46355983,0.5617313956757738,0.7494874219596842,0.0,0
"(140,)","(140,)",0.0,0.019251499999999998,2.1255645300000015,587,0.5890105260364858,0.6008768596252129,0.5495808698381601,0.6523973970442931,0.44622199999999984,0.413605825,0.5000509999999999,0.7073953722765358,0.8410679950375807,0.0,0
"(141,)","(141,)",806.112,725.1570082624996,821.6339591125002,580,24.13485359306741,787.7891697163797,785.9203807268107,789.8292020258624,791.4443485000004,789.3532187250004,793.8308265000003,917.2129724612234,30.285524140440817,0.0,1
"(142,)","(142,)",0.0,4.6193358100000035,21.26929468249999,620,4.160241916522079,10.587176592983873,10.273308494747983,10.924483049435485,9.893659174999998,9.553400400000001,10.190146311875,129.36800551049035,11.37400569326789,0.0,0
"(143,)","(143,)",0.0,0.00879025,0.33380875,591,0.09237607512764777,0.094675022250423,0.087060190357445,0.10246718127326562,0.067626,0.062364400000000035,0.07561599500000002,0.017482260279798965,0.13222049871256333,0.0,0
"(144,)","(144,)",0.0,0.00882575,2.4654926562500017,596,0.6538822394302365,0.5785092134228188,0.5267147039450504,0.6311971000608222,0.3908529999999999,0.36143449999999994,0.43425849999999994,0.7615175071798023,0.8726497047382772,0.0,0
"(145,)","(145,)",710.2378499999994,754.6374824000002,791.1989461999999,629,9.569895090643511,780.0745579077906,779.3477965784981,780.8241051447144,782.6033760000007,782.1772300000007,783.3090146750005,4968.603062661792,70.48831862558357,0.0,0
"(146,)","(146,)",781.017,714.096680699999,788.2134042499998,588,19.08322162098462,740.6458423503395,739.1321333814831,742.2622326669212,736.2376159999992,735.5572786687491,737.0961047124991,1993.380381784473,44.64728862746844,-3.8557584189640263e+28,1
"(147,)","(147,)",0.0,0.026757625000000004,0.44103511000000006,602,0.11106660037522352,0.1170848314784053,0.10860717821843852,0.1259351641507475,0.08147419999999993,0.07644934999999999,0.08818177000000003,0.026024156136188147,0.16132004257434396,0.0,0
"(148,)","(148,)",804.869,707.8720259999991,759.1927001999992,585,12.380349701638908,738.0594929427343,736.9951656263027,738.9857000019438,739.1601179999993,737.9153699999993,740.084572999999,4616.521286741103,67.94498720833718,-3.571860339418797e+29,0
"(149,)","(149,)",749.272,708.4330040624997,791.8246636250005,596,21.87980912881309,766.8823376090604,765.1768655238046,768.6330425379196,773.6396395000002,772.1941493812502,774.5452899312502,788.0468065950363,28.072171390810443,0.0,1
