,codigo,cobacia,cocursodag,q95,XGBRFRegressor_intervalo_i,XGBRFRegressor_intervalo_f,XGBRFRegressor_qtde_dados,XGBRFRegressor_desvio_padrao,XGBRFRegressor_media,XGBRFRegressor_media_lower_bound,XGBRFRegressor_media_upper_bound,XGBRFRegressor_mediana,XGBRFRegressor_mediana_lower_bound,XGBRFRegressor_mediana_upper_bound,XGBRFRegressor_moda,XGBRFRegressor_dentro_intervalo
"(40025000,)","(40025000,)",7699871,76998,2.601039999999997,0.8850753381848335,48.08054256439209,216,14.386642456054688,10.756242,8.898268246650696,12.796659278869628,2.7658629417419434,2.1251222133636474,4.426904201507568,0.62334394,1
"(40032000,)","(40032000,)",76999351,76,7.1585,0.9799044281244278,47.710136318206786,208,14.559136390686035,11.247072,9.410137605667114,13.115113162994385,3.3627371788024902,2.7237644255161286,4.081572794914244,0.7300967,1
"(40037000,)","(40037000,)",76999211,769992,4.9898,1.0354804217815399,46.752213096618654,187,13.879335403442383,12.545188,10.623472642898559,14.579930114746093,4.6432342529296875,3.8831610679626465,5.650996208190918,0.71768534,1
"(40040000,)","(40040000,)",769978931,769978,1.143840000000003,1.2022235155105592,48.21451988220215,182,14.230555534362793,12.071833,10.265339756011963,14.09830777645111,3.78949236869812,2.9130228400230407,6.190711760520932,0.7278742,0
"(40050000,)","(40050000,)",7699733,76,30.2281,1.0185703337192535,56.634479331970205,199,18.091354370117188,23.2657,20.844214344024657,25.651190996170044,23.648712158203125,20.1657657623291,26.98416285514831,0.8291971,1
"(40053000,)","(40053000,)",76997231,769972,0.4344,0.7950339317321777,41.79624938964844,201,11.92484188079834,9.49513,7.901077008247375,11.278049182891845,2.1541996002197266,1.2462022304534912,5.7320661544799805,0.6616057,0
"(40060001,)","(40060001,)",76996713,76996,4.138,0.9161196827888489,47.17667617797851,189,14.371699333190918,12.552897,10.558491468429565,14.520704984664917,4.340648651123047,3.725126028060913,5.850255966186523,0.71721095,1
"(40070000,)","(40070000,)",7699531,76,44.5338,1.1614891320466996,156.82547111511212,218,40.21220016479492,39.012573,33.681503772735596,44.76164283752441,29.59784698486328,26.884132385253906,35.039337158203125,0.7858959,1
"(40080000,)","(40080000,)",7699435,76994,1.06597,1.1264855861663818,130.46113281249995,209,36.02765655517578,40.29928,35.5629222869873,45.31111783981323,31.154985427856445,25.960613250732422,34.393699645996094,0.82985705,0
"(40100000,)","(40100000,)",7699139,76,50.0127,6.52325177192688,275.8620262145996,211,70.24042510986328,69.39618,60.673793125152585,79.07826805114746,49.22923278808594,45.70880126953125,53.09056854248047,1.0477426,1
"(40150000,)","(40150000,)",769891173,7698,7.8011,1.1793693840503694,133.12993888854982,208,36.41770935058594,44.799118,40.27535524368286,49.62003889083862,34.15270233154297,29.703289031982422,37.99017066955567,0.82961446,1
"(40170000,)","(40170000,)",769883,76988,2.2915,0.6755221635103226,44.36307716369629,191,13.778581619262695,12.633127,10.835078191757201,14.575324153900146,5.918591499328613,2.9235711097717285,8.230731964111328,0.5305364,1
"(40185000,)","(40185000,)",7698815,76988,4.6613,0.6321890830993653,47.210416412353524,185,15.521925926208496,13.94772,11.70446228981018,16.204111433029173,5.282799243927002,1.413130760192871,11.650745391845703,0.43408644,1
"(40269900,)","(40269900,)",76986931,76986,0.6751,0.6097163379192352,46.80135574340821,205,14.378907203674316,10.822592,8.935606431961059,12.841607785224914,1.8542499542236328,1.235231637954712,3.4901463985443115,0.41369307,1
"(40300001,)","(40300001,)",7698615,76986,3.1201,0.6548575311899185,135.8720874786377,210,34.9580078125,32.874107,28.443399572372435,37.56728296279907,25.308866500854492,22.34145631790161,29.06208038330078,0.54111195,1
"(40330000,)","(40330000,)",7698555,7698,20.7338,5.851863968372345,149.25253295898435,212,42.35237503051758,55.466015,50.11423139572143,61.3265338897705,45.87957763671875,41.064597034454344,48.505066871643066,0.66998875,1
"(40400000,)","(40400000,)",7698417,76984,4.3194,0.783215907216072,136.0365623474121,204,38.26739501953125,41.747143,36.53888053894043,47.26379766464233,31.144866943359375,26.337488174438477,34.45765686035156,0.65473133,1
"(40500000,)","(40500000,)",76982331,76982,0.7619,0.6185491517186165,37.203907203674305,218,14.766716957092285,10.674492,8.861506414413451,12.618515372276306,2.2658872604370117,1.1811060905456543,4.84310245513916,0.52005947,1
"(40530000,)","(40530000,)",7697451,76974,0.4606,0.6497600600123405,45.96887655258176,218,15.201767921447754,11.061465,9.176434016227722,13.185655951499939,2.7603979110717773,1.2673372805118561,6.423445498943328,0.49491274,0
"(40549998,)","(40549998,)",76969233,769692,1.9377,0.9685408547520638,46.668498516082764,206,13.588542938232422,10.917002,9.094067335128784,12.973197937011719,3.3459935188293457,2.724127280712128,4.2920259475708,0.76829356,1
"(40579995,)","(40579995,)",7696955,7696,2.254,0.956651794910431,46.9388801574707,193,13.448870658874512,11.646774,9.765591907501221,13.618454647064208,3.9844179153442383,2.596405029296875,8.533595085144043,0.75944823,1
"(40680000,)","(40680000,)",76968511,76968,1.91,0.9391206666827202,43.495306777954106,200,12.990884780883789,10.606275,8.792601799964904,12.425462675094604,2.5516648292541504,2.207339459657669,4.874897193908692,0.75944823,1
"(40710000,)","(40710000,)",7696777,7696,12.6221,1.0093528628349304,47.48384380340576,191,15.52198600769043,16.141449,13.955171251296997,18.32449073791504,9.368597030639648,6.736219882965088,18.69648070335388,0.9071181,1
"(40740000,)","(40740000,)",76967351,7696,16.2733,0.9374785870313644,59.19226398468014,207,18.26576805114746,18.71211,16.25430574417114,21.35460314750671,16.405284881591797,8.040763854980469,21.630884170532227,0.8631717,1
"(40800001,)","(40800001,)",7696573,7696,19.7695,0.985138988494873,82.65104255676269,192,25.575273513793945,24.274206,20.9291015625,28.37519760131836,21.022449493408203,18.9450740814209,23.469378662109374,0.8701736,1
"(40810350,)","(40810350,)",7696568,7696568,0.036,0.6656829476356506,46.19757041931152,204,13.965442657470703,9.823865,7.981071925163269,11.717190718650818,1.2333221435546875,1.1139572232961654,1.9209349155426025,0.58554226,0
"(40810800,)","(40810800,)",76965675,769656,0.0785,0.5598706930875779,42.76401576995846,199,12.911880493164062,9.074991,7.304697012901306,10.807820034027099,1.3713867664337158,1.1868064403533936,2.739689826965332,0.4886362,0
"(40811100,)","(40811100,)",76965655,769656,0.1986199999999995,0.6394940555095673,44.357516860961915,229,12.626933097839355,8.886172,7.3461550831794735,10.563763236999511,1.3851995468139648,1.1968719959259033,2.8304946422576904,0.53353524,0
"(40822995,)","(40822995,)",76965623,7696562,0.1309,0.6532656580209732,48.11184959411621,203,14.407740592956543,10.191399,8.317244219779969,12.25828423500061,1.4983599185943604,1.1868162155151367,2.8845162391662598,0.55391765,0
"(40823500,)","(40823500,)",769656213,7696562,0.2903,0.630764439702034,46.75685977935791,191,12.8106107711792,8.9435425,7.209886085987091,10.8199147939682,1.3456311225891113,1.1862456798553467,2.8482282161712646,0.38822353,0
"(40850000,)","(40850000,)",7696397,7696,25.3048,0.9642805010080338,160.56214904785156,196,43.59123229980469,38.553303,32.87653684616089,44.82068738937378,31.749710083007812,25.97074398994446,35.596303367614745,0.64249206,1
"(40930000,)","(40930000,)",76958597,76958,2.27,1.000504244863987,42.18329858779907,200,12.167915344238281,10.26656,8.741750121116638,11.93049669265747,4.002619743347168,3.246614456176758,4.5184450984001145,0.71768534,1
"(40960000,)","(40960000,)",769583715,76958,4.744,0.8565991729497909,48.2238600730896,192,14.798112869262695,15.783132,13.716843938827514,17.802416563034058,12.225393295288086,6.05579948425293,17.951309204101562,0.6910474,1
"(40963000,)","(40963000,)",7695835177,76958,4.3,0.890142634510994,53.47079658508301,206,18.411090850830078,15.765625,13.438843917846679,18.3032084941864,6.773418426513672,3.997879159450531,12.871002388000486,0.66402096,1
"(40975000,)","(40975000,)",769565991,76956,1.8049,0.6083363369107246,121.26111221313477,186,26.20221710205078,17.270248,13.637891864776611,21.460339975357055,5.73491907119751,2.4426560401916504,12.39122486114502,0.49491274,1
"(41020002,)","(41020002,)",7695557,76,267.5,44.178241634368895,516.3153274536133,200,130.6882781982422,204.2457,188.12358283996582,223.34551124572755,190.6400909423828,169.08021774291993,197.89102172851562,32.62449,1
"(41050000,)","(41050000,)",76954793,76954,2.8698,0.6638634875416756,43.75063133239746,186,13.523666381835938,11.169088,9.262839961051942,13.179316139221191,3.0669960975646973,1.5213066339492798,5.794960021972656,0.49491274,1
"(41075001,)","(41075001,)",769543991,76954,9.669585,0.8060854151844978,55.66790819168091,186,17.722749710083008,21.025646,18.482755661010742,23.799703788757324,23.7384033203125,19.72897720336914,25.902137756347656,0.6394345,1
"(41135000,)","(41135000,)",76951173,76,230.307,58.845849609375,589.2576782226554,193,142.3612823486328,252.60509,234.3635284423828,273.13408813476565,266.0096740722656,215.50030517578125,292.83710632324215,39.179363,1
"(41150000,)","(41150000,)",769499975,7694,1.46,0.8649055570363998,46.60226716995239,178,13.255011558532715,11.293893,9.49413504600525,13.304772233963012,4.455031394958496,3.098574638366699,6.699215888977051,0.77006334,1
"(41151000,)","(41151000,)",769499975,7694,0.8705000000000002,1.0377954989671707,37.09422969818115,191,11.156818389892578,9.401454,7.978392994403839,10.99093837738037,3.175438165664673,2.430191993713379,4.34094762802124,0.80968606,0
"(41180000,)","(41180000,)",76949983,7694998,3.4419,0.8102797865867615,45.52562713623047,181,13.35019302368164,10.846631,9.09087245464325,12.932712507247924,3.153416156768799,2.6823015213012695,6.001465797424316,0.6801678,1
"(41199998,)","(41199998,)",769499571,7694,11.5124,0.8759644627571106,108.27212677001943,212,25.487661361694336,16.949734,13.60470790863037,20.572477769851684,5.753379821777344,2.7228713035583496,10.705601692199707,0.71768534,1
"(41250000,)","(41250000,)",76949831,769498,1.3317,0.5537500232458115,43.963006019592285,191,13.979565620422363,11.035704,9.06775767803192,13.036418008804322,2.2170767784118652,1.2264537811279297,5.399696350097656,0.41369307,1
"(41260000,)","(41260000,)",7694977,7694,18.8523,0.9339841604232788,70.49644527435305,220,22.436120986938477,23.309406,20.579750633239748,26.442674493789674,21.72356414794922,19.992531538009644,22.838780641555783,0.83605623,1
"(41300000,)","(41300000,)",76949639,769496,1.523,0.6616402208805084,45.846536731719965,212,13.302567481994629,9.932137,8.129987835884094,11.695677137374878,2.0377559661865234,1.2894863873720168,3.031205654144287,0.45184886,1
"(41340000,)","(41340000,)",76949597,7694,21.8598,1.0540221869945525,61.050748443603545,175,17.311691284179688,21.691544,19.249152994155885,24.287996101379395,21.98664665222168,19.093416213989258,23.851259231567383,0.75300884,1
"(41380000,)","(41380000,)",769495811,7694958,0.98,0.5778276965022087,46.39566802978517,220,14.450039863586426,11.692614,9.958011436462403,13.742196679115295,2.3986668586730957,1.1317485570907593,6.509270668029785,0.54310364,1
"(41410000,)","(41410000,)",769495597,7694,26.3377,0.9056822970509529,94.4864948272705,192,33.20906066894531,30.974314,26.610426950454713,36.010162925720216,25.313861846923828,22.75275230407715,30.26673674583435,0.7886428,1
"(41440005,)","(41440005,)",769495675,7694956,0.5381,0.5744141489267349,46.82639198303221,208,14.519436836242676,10.676148,8.669796061515807,12.732014560699463,1.9865000247955322,1.0886025428771973,3.6473536491394043,0.41369307,0
"(41539998,)","(41539998,)",769495633,7694956,1.4889,0.5257375091314316,41.55280017852783,175,13.057591438293457,9.152499,7.198425149917602,11.13977129459381,0.9528818726539612,0.8714398100972176,1.7531929016113281,0.49227947,1
"(41600000,)","(41600000,)",769495513,7694,27.9617,3.633743077516556,150.60516891479492,192,42.913509368896484,54.60956,48.59695863723755,60.28336935043335,42.253326416015625,38.82259540557861,46.52138137817383,0.7880351,1
"(41650002,)","(41650002,)",7694937,7694,30.8772,11.967263412475587,191.17486877441405,193,48.769561767578125,60.710766,54.19740972518921,67.23567428588868,44.55555725097656,42.2274169921875,50.701934814453125,1.1868064,1
"(41685000,)","(41685000,)",769492513,769492,0.0535,0.7297831103205681,146.8062057495117,204,41.042388916015625,41.60207,36.22019634246826,46.92998609542847,29.121623992919922,26.053600549697876,31.390655517578125,0.5565537,0
"(41780002,)","(41780002,)",7694837,76948,8.7703,0.6897302120923996,52.299224853515625,196,17.52387809753418,18.39784,16.11359977722168,20.7629638671875,17.86594009399414,8.101074504852296,20.85886573791504,0.49970686,1
"(41818000,)","(41818000,)",7694713,7694,41.95629000000001,16.34198741912842,306.040544128418,195,95.38764953613281,89.623436,77.25870380401611,102.65480880737304,54.25906753540039,48.48143768310547,59.790122985839844,2.2830727,1
"(41890000,)","(41890000,)",7694439,76944,1.0565,0.6725660905241966,144.52468147277835,200,39.18201446533203,41.224205,36.19226551055908,46.665414524078365,29.685386657714844,26.420673370361328,33.67421579360962,0.43977517,1
"(41940000,)","(41940000,)",76942133,76942,0.3474,0.5235688269138337,55.69143743515015,180,17.20148468017578,12.069923,9.806131315231323,14.704400205612181,2.613802909851074,1.0882945597171785,4.204169273376465,0.49304986,0
"(41990000,)","(41990000,)",76941371,7694,49.4681,24.471412563323973,402.0081504821775,214,112.12251281738281,135.04388,121.27078418731689,150.60514221191406,93.96224975585938,77.13443756103516,111.82432975769044,6.237414,1
"(42089998,)","(42089998,)",769257,7692,0.9925,0.7530530840158463,144.5568580627442,195,41.440040588378906,48.141254,42.466967010498045,54.14401016235352,39.08396530151367,33.14274597167969,44.28561019897461,0.3610956,1
"(42100000,)","(42100000,)",7692453,76924,0.265,0.6185309216380119,53.27493715286255,206,15.35061264038086,11.1856,9.357073283195495,13.223242855072021,2.332965135574341,1.3412349224090576,4.908479022979736,0.46363086,0
"(42145498,)","(42145498,)",769235,7692,1.4438,0.7141724720597267,166.45118103027335,204,46.65217971801758,53.184837,46.77234830856323,59.95932121276856,38.61650085449219,34.56105422973633,45.58922576904297,0.6212278,1
"(42187000,)","(42187000,)",76912733,76912,0.9316,0.5574801564216614,57.37861251831054,209,17.741548538208008,12.145034,9.884428524971009,14.635275363922117,1.4161090850830078,1.0543302297592163,2.4887580513954153,0.44935834,1
"(42210000,)","(42210000,)",7691133,76,351.6975,170.49178886413574,692.9829559326172,186,133.38320922851562,339.99884,321.2195899963379,359.9602729797363,293.655517578125,288.2821960449219,299.49582824707034,88.43159,1
"(42250000,)","(42250000,)",76899393,768,1.3146,0.6214952781796456,43.36857566833495,182,13.116172790527344,9.883231,8.132671308517455,11.792107200622558,1.88987398147583,1.1215323209762573,3.8901877462863923,0.5170434,1
"(42251000,)","(42251000,)",7689577,768,4.2191,0.635505297780037,41.84653530120847,184,15.38707160949707,12.181855,10.026704788208008,14.669683480262757,5.398176193237305,3.297367811203003,7.481179237365723,0.4795333,1
"(42255000,)","(42255000,)",768944393,768944,0.5634,0.5431036293506623,42.89328231811522,197,12.281283378601074,8.796188,7.17375910282135,10.672294878959656,1.277961015701294,0.9780058860778809,2.9644298553466797,0.46293616,1
"(42257000,)","(42257000,)",7689411,76894,3.9056,0.5642015337944031,43.3823127746582,186,13.302986145019531,12.173993,10.368849873542786,14.177010846138,5.14834451675415,3.146668165922165,9.05770206451416,0.46939385,1
"(42290000,)","(42290000,)",768911,768,14.04103499999995,5.268109321594238,167.87073364257805,177,47.83741760253906,53.2243,46.627813053131106,60.650629138946535,41.42169189453125,37.46839904785156,46.190643310546875,0.6458646,1
"(42365000,)","(42365000,)",7688133,7688,9.8188,0.5803221315145493,47.32339429855347,216,16.14385986328125,16.29404,14.053218531608582,18.487615728378294,14.854791641235352,8.612112045288086,19.342599868774414,0.46293616,1
"(42395000,)","(42395000,)",768755,768,24.3336,9.555347347259522,283.56169433593743,213,72.73131561279297,71.742775,62.525347518920896,82.08685207366943,50.35887145996094,47.0064811706543,52.83983240127561,0.73002976,1
"(42435000,)","(42435000,)",768641,76864,1.5634,0.5979914784431457,129.20091629028312,199,33.485836029052734,27.011679,22.690000534057617,31.77467303276062,18.822385787963867,10.984538078308105,22.875064849853516,0.46293616,1
"(42440000,)","(42440000,)",7686915,7686,1.2908,0.5662014752626419,43.59458541870117,207,13.136714935302734,10.297584,8.526668119430543,12.124511241912842,2.6098926067352295,1.1301078796386719,4.795717716217041,0.46939385,1
"(42460000,)","(42460000,)",76847751,7684,14.8822,1.000188134610653,132.16754760742185,202,34.668121337890625,41.264523,37.000427436828616,46.280152034759524,33.06240463256836,28.223751068115234,37.98741149902344,0.7981056,1
"(42490000,)","(42490000,)",76847333,7684,14.6056,0.9611932158470154,150.42626342773437,193,38.401432037353516,44.66985,39.55220079421997,50.04752807617187,34.34996032714844,30.557077789306643,38.033775329589844,0.7810844,1
"(42540000,)","(42540000,)",7684717,7684,16.5676,1.4758892059326172,145.1807098388672,201,35.70207595825195,47.66365,42.718346214294435,52.40077142715454,38.15867233276367,36.208072662353516,42.691837310791016,0.81730705,1
"(42545002,)","(42545002,)",7684653,76846,0.9202,0.6678266301751137,47.662458229064924,184,13.764485359191895,9.421339,7.409718906879425,11.39856743812561,1.2131534814834595,1.0670969486236572,1.9873673737049102,0.59126055,1
"(42545500,)","(42545500,)",76846111,76846,1.0102,0.6478548780083656,46.122341537475556,188,13.15084457397461,9.992944,8.300704622268677,11.76921875476837,2.0932819843292236,1.099104404449463,4.213611602783203,0.49491274,1
"(42546000,)","(42546000,)",7684473,76844,1.1114,0.686150424182415,47.84194173812866,184,13.76750659942627,10.04804,8.02133400440216,12.173001933097838,2.0569944381713867,1.2951739370822906,3.3193649590015393,0.64384544,1
"(42600000,)","(42600000,)",7684319,7684,19.0626,4.77606933116913,169.25335502624512,208,53.32170104980469,59.74682,53.03443851470947,67.07837047576903,43.34751510620117,40.3948691368103,48.73948669433594,0.77560496,1
"(42690001,)","(42690001,)",7683771,768,48.2795,29.142259931564332,422.4147911071778,210,119.30367279052734,143.14914,127.73757209777833,160.72397994995117,107.50304412841797,89.21308135986328,127.90648651123047,26.183365,1
"(42750000,)","(42750000,)",76833,768,60.9434,26.46861352920532,351.1682861328117,194,112.37053680419922,148.02605,132.49552383422852,163.93656463623046,115.08561706542969,100.08987083435059,139.06756591796875,11.8717165,1
"(42840000,)","(42840000,)",76829935,7682,0.8080000000000002,0.5626533508300782,42.11249465942382,193,12.515256881713867,8.650817,6.866483819484711,10.434404373168945,1.2115164995193481,0.9234139919281006,3.01668119430542,0.46293616,1
"(42850000,)","(42850000,)",7682353,7682,4.8713,0.5332848370075226,94.27322006225582,202,25.940929412841797,21.186913,17.865136051177977,24.817103338241576,16.86313247680664,7.920365238189698,20.082395553588864,0.45083028,1
"(42860000,)","(42860000,)",768215,7682,6.2164,0.5318768441677093,68.32660579681398,180,23.846364974975586,23.10547,19.96852970123291,26.741083812713622,23.266483306884766,14.406192779541016,26.930679273605342,0.3678705,1
"(42980000,)","(42980000,)",768173,768,72.7823,35.66958713531494,674.7991027832031,191,148.835205078125,197.09514,176.76030883789062,220.17221832275388,178.63226318359375,138.35093688964844,202.61460876464844,17.200945,1
"(43200000,)","(43200000,)",76795,76,417.366,238.52159805297853,718.4795288085937,210,136.87918090820312,443.89426,425.3521141052246,462.4303466796875,441.5726013183594,431.4643249511719,449.91217041015625,92.07768,1
"(43250002,)","(43250002,)",76789191,7678,3.9026,0.8426702857017517,131.16828002929685,193,35.263275146484375,38.41919,33.74218101501465,43.67032079696655,29.35024070739746,25.44597625732422,32.5914421081543,0.7185718,1
"(43300000,)","(43300000,)",7678817,76788,5.661469999999989,0.8505772694945335,52.88286514282225,204,16.503543853759766,15.837201,13.6317138671875,18.10769758224487,10.673861503601074,4.012145519256592,17.31293115615845,0.76061666,1
"(43429998,)","(43429998,)",7678537,7678,14.256,1.1805265426635743,262.9176544189447,203,65.61981964111328,65.821205,57.072707176208496,75.44003810882568,47.45611572265625,43.81351118087768,51.40739059448242,0.84194833,1
"(43670000,)","(43670000,)",76783311,7678,21.952,2.589569836854935,268.61874084472663,200,78.46250915527344,80.083435,69.70597991943359,90.6438325881958,51.766876220703125,47.27443313598633,59.302650451660156,0.8318464,1
"(43675000,)","(43675000,)",7678235,76782,2.2008,0.552005735039711,55.61219816207882,208,18.267568588256836,16.30319,13.79615123271942,18.7286114692688,5.569444179534912,2.932603359222412,14.465848922729492,0.3610956,1
"(43880000,)","(43880000,)",76781573,7678,26.507345,21.59361686706544,410.520544433592,193,114.94718933105469,114.40739,97.6585536956787,131.0167552947998,68.36827087402344,59.42491149902344,87.0530776977539,0.8848543,1
"(43980002,)","(43980002,)",7678139,7678,19.7051,18.47780418395996,315.49459075927734,211,104.95132446289062,124.95392,110.96537189483642,139.7497417449951,85.94776153564453,74.06204986572266,101.3545913696289,10.001424,1
"(44200000,)","(44200000,)",767557,76,480.486,274.2034599304199,724.9583541870117,204,125.36383819580078,492.74448,475.77172698974607,510.31135177612305,479.7922668457031,460.44921875,502.79156799316405,166.43822,1
"(44250000,)","(44250000,)",767231,7672,6.8993,0.6319936379790306,62.64872579574584,188,21.404422760009766,18.607077,15.544007802009583,21.61443963050842,5.628401756286621,2.3327715396881104,16.537479543685905,0.43811703,1
"(44290002,)","(44290002,)",7671751,76,539.255,260.1497634887695,739.9579345703125,195,125.98248291015625,510.1355,492.7483451843262,527.0615509033203,504.551025390625,478.9126281738281,526.4671630859375,186.80814,1
"(44500000,)","(44500000,)",7671113,76,499.1056,267.504931640625,751.491519165039,207,125.22282409667969,519.42065,502.58137435913085,536.1443923950195,532.8065795898438,490.96966552734375,549.73681640625,185.99164,1
"(44540000,)","(44540000,)",7658713,7658,0.9242,0.6367504835128784,58.80731449127196,187,18.605085372924805,13.419426,10.792313742637635,16.11864080429077,2.544459104537964,1.933748722076416,3.8657655715942383,0.5562518,1
"(44630000,)","(44630000,)",7669391,766,0.2635,0.6075752377510071,61.219239234924316,196,20.20817756652832,15.756327,13.15248999595642,18.78570351600647,3.7930972576141357,2.316362988948822,6.541550159454346,0.49242002,0
"(44670000,)","(44670000,)",766519,766,0.0224,0.6508592903614044,210.8328781127929,207,61.886226654052734,59.20556,50.906355476379396,68.01692924499511,44.55257034301758,36.02458190917969,51.022605895996094,0.53284854,0
"(44950000,)","(44950000,)",766191,766,0.0,1.819651627540589,448.7890167236329,195,116.0882797241211,134.18565,117.66239624023437,151.0525997161865,102.93517303466797,94.97555541992188,115.74354553222656,0.613509,0
"(45131000,)","(45131000,)",765641311,76564,29.2342,0.6602214008569718,137.2805515289306,224,34.953773498535156,34.1265,29.79523859024048,38.66175098419189,27.327312469482422,23.357128143310547,31.61730194091797,0.5480742,1
"(45170001,)","(45170001,)",7656571,7656,35.2917,0.5987947046756744,94.4428298950195,199,28.88184928894043,28.737736,25.075481700897218,32.857616329193114,21.372303009033203,13.647371292114258,31.620073318481445,0.5480742,1
"(45210000,)","(45210000,)",7656393,7656,60.6356,0.7082090675830841,255.00698852539062,216,62.937442779541016,48.704247,41.16629467010498,57.64925088882446,36.36912536621094,32.01897048950195,43.92530059814453,0.5735419,1
"(45220000,)","(45220000,)",765623371,76562,3.8259,0.6337203860282898,62.411814498901364,208,21.261234283447266,16.711184,13.748729681968689,19.6512122631073,2.4915785789489746,1.6716680526733398,5.377844464778893,0.47756815,1
"(45260000,)","(45260000,)",7656193,7656,64.84307000000018,0.6489864021539689,229.3700611114502,180,53.89302444458008,55.83969,48.685068893432614,63.75240993499756,50.51251220703125,46.737289142608645,52.98542785644531,0.43811703,1
"(45298000,)","(45298000,)",765593,76,592.418,324.05737915039066,782.8586883544922,223,108.2557601928711,569.08075,554.912257385254,584.150358581543,560.6298217773438,555.3570556640625,572.0921630859375,203.55643,1
"(45480000,)","(45480000,)",765131,76,521.196,418.7962097167969,788.0486938476563,225,103.15911865234375,608.59735,595.120068359375,622.3627685546875,598.0169067382812,585.8864135742188,623.106088256836,310.56464,1
"(45590000,)","(45590000,)",76461117,7646,21.0648,0.6050441935658455,64.47457551956158,194,21.296337127685547,20.451803,17.56411681175232,23.56392192840576,11.032929420471191,5.307948255538941,23.730716705322266,0.5480742,1
"(45740001,)","(45740001,)",764711,764,19.308,0.6890547275543213,268.99534606933594,221,68.48070526123047,55.896103,47.3300537109375,64.99684467315674,43.52395248413086,36.22499084472656,47.290977478027344,0.5383825,1
"(45770000,)","(45770000,)",76441333,7644,30.2317,0.8070598602294922,154.5324234008789,207,41.625892639160156,51.159515,45.48117609024048,57.07928552627563,37.2562141418457,32.69232177734375,43.10597229003906,0.63333976,1
"(45840000,)","(45840000,)",7642331,7642,38.6483,0.6762269973754883,96.65921936035149,189,28.649311065673828,30.047173,26.205157470703124,34.35045766830444,27.37327003479004,23.02240562438965,31.261287689208984,0.45141125,1
"(45880000,)","(45880000,)",76421513,7642,37.4758,0.741958498954773,104.30711517333982,209,44.27204513549805,39.44288,33.18458595275879,45.840567684173585,32.67293930053711,27.29261589050293,41.32431411743164,0.6212278,1
"(45910001,)","(45910001,)",764199,764,116.727,2.234158885478974,490.7696502685549,195,123.96297454833984,122.67281,106.85918674468994,141.15882263183593,76.72837829589844,62.5509147644043,88.25843048095703,0.67376745,1
"(45960001,)","(45960001,)",7641511,764,100.569,1.5189743638038635,425.8626251220703,211,116.44766998291016,117.55075,103.06582794189453,135.26268653869627,83.75704956054688,67.68196105957031,94.89356231689453,0.6981632,1
"(46035000,)","(46035000,)",763935,76,651.657800000002,462.7045211791992,795.4559707641602,196,101.35276794433594,624.94183,610.3164855957032,638.1797348022461,612.5675048828125,589.0073944091797,633.3836288452148,262.1434,1
"(46105000,)","(46105000,)",7637,76,653.749,427.5387481689453,793.2990173339844,173,107.0363998413086,614.656,599.7583267211915,630.1687042236329,605.9344482421875,581.0655517578125,631.1047973632812,262.1434,1
"(46150000,)","(46150000,)",763379,76,674.9713000000012,441.3519287109375,785.8081359863281,221,95.2821273803711,635.12445,621.7732727050782,647.3048110961914,642.7426147460938,604.6618041992188,672.5595092773438,329.43234,1
"(46360000,)","(46360000,)",763193,76,649.721,499.1830108642578,802.3782928466798,190,92.82261657714844,663.5288,650.7378326416016,677.3811325073242,685.48779296875,631.4403076171875,710.1296279907226,454.2832,1
"(46415000,)","(46415000,)",7628113,7628,12.7955,0.6199875354766846,74.5904098510742,213,28.207448959350586,22.892866,19.47645196914673,26.60627145767212,16.07797622680664,9.573690414428711,24.405738830566406,0.5735419,1
"(46455000,)","(46455000,)",762913,762,25.9419,0.6924536779522896,100.02126426696776,178,32.176536560058594,31.467962,27.08916711807251,35.75523595809936,26.267066955566406,24.001312255859375,29.07385778427124,0.55497116,1
"(46490000,)","(46490000,)",7627817,76278,1.7296,0.7329327687621117,174.8980857849121,198,52.59027862548828,102.471886,94.7407054901123,109.59416160583496,114.57501983642578,108.06444549560547,119.89132804870606,0.657356,1
"(46543000,)","(46543000,)",762619,7626,22.3438,0.7239956811070443,150.7027740478515,222,37.82341384887695,43.362896,38.170409202575684,48.31709365844726,35.063148498535156,31.899439001083373,39.629981994628906,0.5917032,1
"(46550000,)","(46550000,)",762595,762,44.9176,1.2062998563051224,473.3295478820801,196,109.12688446044922,107.241806,94.21108150482178,123.67302684783935,76.04829406738281,61.39827737808228,86.94096374511719,0.57702357,1
"(46570000,)","(46570000,)",762455,7624,4.1632,0.8176317840814591,52.261672973632784,194,16.15934181213379,18.1137,15.68777813911438,20.335234451293946,14.185813903808594,10.851070404052734,22.204520034790036,0.63760823,1
"(46590000,)","(46590000,)",7624175,7624,26.5578,0.6876823306083679,138.29424743652314,217,42.25151062011719,37.105927,31.869208335876465,42.847379207611084,30.507770538330078,25.24844741821289,36.13844680786133,0.45141125,1
"(46610000,)","(46610000,)",7623993,762,92.2362,17.310134315490725,461.1905891418451,184,116.38641357421875,138.57811,122.8408046722412,156.01360321044922,91.44122314453125,84.19017791748047,112.52174625396725,2.2112606,1
"(46650000,)","(46650000,)",762377,762,90.0729,12.304517841339111,444.8136375427246,204,121.62882995605469,159.46498,143.96683158874512,177.3503833770752,120.92030334472656,106.59461345672608,150.4275360107422,0.8642521,1
"(46675000,)","(46675000,)",7623371,762,91.2264,24.65574531555176,454.6840026855469,205,111.61386108398438,162.5966,147.2049633026123,178.0240566253662,122.03215026855469,106.70633697509766,155.1153606414794,0.8910421,1
"(46770000,)","(46770000,)",762291,7622,23.9332,0.6893186569213867,94.39623908996582,210,38.531429290771484,32.204082,27.481243705749513,37.54740180969238,25.943151473999023,21.522018432617188,30.668746948242188,0.57228976,1
"(46790000,)","(46790000,)",76225737,7622,65.8824,0.6860469356179237,182.83076667785645,196,65.997314453125,51.947575,43.55599670410156,61.13913822174072,42.794700622558594,34.96593322753906,49.621788024902344,0.54092926,1
"(46870000,)","(46870000,)",7622351,7622,63.9294,0.752757190167904,500.55125503539966,202,113.6375961303711,99.98,85.91426162719726,118.48672885894776,60.103515625,54.48817825317383,65.38862571716308,0.59190404,1
"(46902000,)","(46902000,)",762311,762,155.102,37.74019651412964,432.2147163391112,208,114.65385437011719,172.59863,157.09497261047363,188.07430610656738,129.87567138671875,120.39595642089844,156.09914894104003,15.539849,1
"(47249000,)","(47249000,)",7619457,76194,0.0,0.8146841883659363,144.65082893371576,192,42.86116027832031,41.425816,35.54944200515747,47.71006441116333,29.44036293029785,24.831439971923828,33.88031768798828,0.60308665,0
"(47480000,)","(47480000,)",76187333,7618,0.0813,0.7069914937019348,227.23003387451172,181,63.13042449951172,52.24645,43.802732944488525,62.581385326385494,31.1709041595459,26.898916244506836,36.93255100250244,0.56575686,0
"(47900000,)","(47900000,)",7616313,7616,0.1093,0.5991521835327148,261.12328491210917,189,82.52531433105469,45.899563,35.41308937072754,58.12425212860107,14.9351224899292,9.5643163561821,21.5224666595459,0.52136403,0
"(48020000,)","(48020000,)",761593,76,893.539,542.897102355957,781.5458145141602,196,64.4349594116211,700.95123,692.7317199707031,709.961784362793,711.125732421875,704.026123046875,717.0186157226562,461.51685,0
"(48290000,)","(48290000,)",76153553,76,819.714,539.9216812133789,818.4011276245114,214,71.33892822265625,718.0928,708.5120208740234,727.4990112304688,726.2229614257812,717.7756958007812,731.9816238403321,449.27893,0
"(48430000,)","(48430000,)",7614511,7614,0.0,0.5975267350673675,62.74402446746824,219,18.899229049682617,13.151558,10.73744900226593,15.81396725177765,1.5856105089187622,1.175284743309021,2.938361406326294,0.50004005,0
"(48460000,)","(48460000,)",76142153,76142,0.0,0.5852345913648606,70.51005401611319,187,24.04546546936035,14.632069,11.30571722984314,18.16135821342468,1.2878963947296143,1.0196911096572876,3.6910932064056396,0.51337653,0
"(48590000,)","(48590000,)",761375,76,806.112,545.9193939208984,806.4441345214844,195,66.38709259033203,713.8929,703.9875335693359,723.2136840820312,728.1607055664062,718.609619140625,731.9077758789062,449.27893,1
"(48860000,)","(48860000,)",76125111,7612,0.0,0.7845784276723862,219.48444061279287,207,64.52640533447266,62.6405,53.67758684158325,71.3199348449707,41.08110046386719,35.60153322219848,48.79589080810547,0.679647,0
"(48880000,)","(48880000,)",76124197,76124,0.0,0.5786964297294617,52.089956283569336,221,15.628316879272461,9.456495,7.464942598342896,11.612272357940673,0.963299036026001,0.884196837246418,1.0396050214767456,0.48254496,0
"(49160000,)","(49160000,)",76118195,76118,0.0,0.5614631995558739,139.64050674438477,216,45.59910583496094,20.917807,15.43246591091156,27.814191150665284,1.2924212217330933,1.0006519556045532,5.478097915649414,0.44429374,0
"(49330000,)","(49330000,)",76117153,76,710.2378499999994,561.4119903564454,856.3827987670899,198,60.856109619140625,734.6389,726.4196502685547,743.0323623657226,733.8514404296875,729.1298034667968,740.8713684082031,543.97235,1
"(49370000,)","(49370000,)",7611555,76,781.017,555.6100463867188,848.1119827270508,232,70.18824768066406,733.46027,724.6282409667969,742.3398818969727,732.5880126953125,721.7973022460938,755.1731567382812,449.85425,1
"(49480000,)","(49480000,)",76114533,76114,0.0,0.5515077233314514,62.284184265136716,207,19.204689025878906,12.376446,9.828659534454346,15.09990005493164,1.2529394626617432,1.0196911096572876,2.0570205092430096,0.48740542,0
"(49660000,)","(49660000,)",761119993,76,804.869,577.3208618164062,847.063362121582,196,64.69816589355469,728.97736,720.075732421875,737.9920867919922,735.1048583984375,724.8478866577149,744.4299819946289,540.99176,1
"(49705000,)","(49705000,)",76111953,76,749.272,572.836068725586,849.6493301391602,190,67.64262390136719,735.8681,726.4646194458007,745.6004516601563,737.8286743164062,726.4721069335938,756.5527130126953,449.85425,1
