,codigo,cobacia,cocursodag,q95,svr_intervalo_i,svr_intervalo_f,svr_qtde_dados,svr_desvio_padrao,svr_media,svr_media_lower_bound,svr_media_upper_bound,svr_mediana,svr_mediana_lower_bound,svr_mediana_upper_bound,svr_moda,svr_dentro_intervalo
"(40025000,)","(40025000,)",7699871,76998,2.601039999999997,3.2076767395668084,8.614229007258198,216,1.4349667627471117,5.933159530948907,5.738984712996866,6.113574301165128,5.8849522903474405,5.628518043390387,6.163163986165588,2.4496952668124177,0
"(40032000,)","(40032000,)",76999351,76,7.1585,3.4400956875640496,8.33512336739546,208,1.3776321527233506,5.643300105465049,5.444053877656542,5.822046377959437,5.475331725763511,5.161568892951665,5.836091689966894,2.969337830841507,1
"(40037000,)","(40037000,)",76999211,769992,4.9898,4.335157536513249,9.532052681327277,187,1.3764912656082209,6.91312564697391,6.724125854633129,7.112249592589354,6.854986286107755,6.597529405429808,7.258679830973193,3.7587186359273526,1
"(40040000,)","(40040000,)",769978931,769978,1.143840000000003,3.228554753287042,8.890368485224675,182,1.4829491183933456,5.740924622632219,5.516166151092443,5.960324874823371,5.69968687050861,5.438413124254111,6.0402679083154585,2.7379250680265534,0
"(40050000,)","(40050000,)",7699733,76,30.2281,3.6377399016397045,8.486587164002497,199,1.3103716803890835,5.870854703908242,5.690151168850954,6.052939982601426,5.759453453282167,5.529238417279071,6.010718207055488,3.14051847922304,0
"(40053000,)","(40053000,)",76997231,769972,0.4344,2.985345562631882,9.400024273941629,201,1.711662866465604,6.1956210571077435,5.958806941873038,6.445194119482317,6.340428187129449,6.076646583991441,6.551119891920141,2.6210663890354127,0
"(40060001,)","(40060001,)",76996713,76996,4.138,3.0981004885124586,8.712237714424713,189,1.5226048269541483,5.925406683855293,5.718899643050555,6.126357634256448,6.021871498509619,5.625153356724222,6.281997032713014,2.5720241175818632,1
"(40070000,)","(40070000,)",7699531,76,44.5338,4.107272146623169,10.23242801419213,218,1.6492576063545343,6.692859618311554,6.480279707845533,6.923638080726439,6.407858556002399,6.202989817261776,6.605156354058979,3.6417321492694614,0
"(40080000,)","(40080000,)",7699435,76994,1.06597,5.22657345827439,10.543873856839337,209,1.5479606921858995,7.799148436110262,7.5881576934187525,8.014753815878592,7.778018356560945,7.545753646188674,8.161703986517578,4.738939956502975,0
"(40100000,)","(40100000,)",7699139,76,50.0127,4.394411833741167,12.127524012489193,211,2.153966192819563,7.625511361533377,7.337646002634667,7.940299584217334,7.30443352644331,7.130240060342147,7.695500362779069,3.93031187200335,0
"(40150000,)","(40150000,)",769891173,7698,7.8011,4.674059076466813,10.59978189481233,208,1.6867524635209101,7.232740438123335,7.008460480213448,7.4620816949074715,6.995475256230099,6.646139263280362,7.1971785722660275,3.5794387604793103,1
"(40170000,)","(40170000,)",769883,76988,2.2915,2.7538007343378066,8.975981864537223,191,1.7959055550154535,5.961290413020817,5.721362045433,6.217228894006716,6.114484106022264,5.6587688640198035,6.403522017760541,1.3933649895693012,0
"(40185000,)","(40185000,)",7698815,76988,4.6613,2.6100254540136296,9.041966339965956,185,1.8696363454418594,5.988629965702115,5.739035034032843,6.25101682647193,5.978447245842382,5.711182289755707,6.596054157229292,1.9303963387901337,1
"(40269900,)","(40269900,)",76986931,76986,0.6751,2.1458430205235692,7.566590811398424,205,1.3677175238909882,4.859537914504735,4.675035898549557,5.044417888889993,4.992086631283746,4.701030911736395,5.187623116226289,1.6422534611443496,0
"(40300001,)","(40300001,)",7698615,76986,3.1201,4.024530448450618,9.96783299663652,210,1.6690216183585254,6.959690767302607,6.739653529256971,7.18888699251122,6.82423264929489,6.518691528486497,7.242976766565027,3.589833042392546,0
"(40330000,)","(40330000,)",7698555,7698,20.7338,4.4230146031361635,10.85010881803028,212,1.7584384541035478,7.306063832388604,7.0633224690226175,7.539866984236949,7.099493715184007,6.799321847204281,7.482407437783656,3.3787009352903405,0
"(40400000,)","(40400000,)",7698417,76984,4.3194,4.792519929894589,10.289919153110008,204,1.670445079467221,7.59070961224205,7.36109307279323,7.809559752944234,7.591977350037437,7.242315286858193,7.9843469698152765,3.255085123455184,0
"(40500000,)","(40500000,)",76982331,76982,0.7619,3.0310909820000083,10.468257699686305,218,1.8582643115782524,6.87149536042588,6.6223455018514334,7.117279283002739,7.01276856733878,6.758493806363563,7.233158610840656,2.391080100941485,0
"(40530000,)","(40530000,)",7697451,76974,0.4606,3.606588883853778,10.52538174047349,218,1.872909860296987,6.995177526827433,6.735761474734524,7.238107542305003,7.1645315409813275,6.75503558259284,7.34140563912686,2.9834882183770564,0
"(40549998,)","(40549998,)",76969233,769692,1.9377,2.9454060660675605,9.109736606001537,206,1.5857109506618645,6.139104368063727,5.8991586470997,6.369073493578351,6.146475930035848,5.847666667205424,6.382281207188537,2.3031668311048827,0
"(40579995,)","(40579995,)",7696955,7696,2.254,3.5112525596374238,9.417615674510419,193,1.6773840306425636,6.321990830766719,6.077680671248064,6.547768334643131,6.205270074213768,5.81480684168572,6.532423402537518,2.2404891439833907,0
"(40680000,)","(40680000,)",76968511,76968,1.91,2.8310939923872196,8.788781485779536,200,1.671867334283825,5.595302774639888,5.3573123928278585,5.820270492884584,5.515849553831282,5.201829269475243,5.9055580097683,1.5414801207667406,0
"(40710000,)","(40710000,)",7696777,7696,12.6221,3.4362333914944565,9.445982930769404,191,1.6082367820116552,6.1179844588710965,5.891334186103378,6.347460152120533,5.764479890157511,5.539376811535067,6.250060820966602,2.805561632069865,0
"(40740000,)","(40740000,)",76967351,7696,16.2733,3.5890197533201067,9.299272128689406,207,1.5682157680095048,6.203726790488074,5.993275341720789,6.414644157696904,5.985220641219895,5.803292505436828,6.324560630056737,2.7967803316882236,0
"(40800001,)","(40800001,)",7696573,7696,19.7695,3.3610218259066196,9.345837658731195,192,1.5990306574088384,6.168303703064054,5.935503501704741,6.411108978444034,5.963999746047483,5.718094422521245,6.2351360678990835,2.989478185776256,0
"(40810350,)","(40810350,)",7696568,7696568,0.036,3.6237626952301505,8.352259566794961,204,1.3496934281799515,6.073854774104466,5.887901395648301,6.272766391781478,6.169657904073542,6.022806120939277,6.419683146295459,2.9993118432675905,0
"(40810800,)","(40810800,)",76965675,769656,0.0785,1.685747742661773,11.474318855488196,199,2.8145354346294003,7.124740516156895,6.74834053346036,7.551105056445271,7.840280429498649,7.442701656717112,8.204824298770372,1.0672900714210982,0
"(40811100,)","(40811100,)",76965655,769656,0.1986199999999995,2.5218939611683755,8.356610886490387,229,1.5223207388563171,5.310909529656108,5.122144657727706,5.516518159345641,5.375331027266906,5.089128193927158,5.714817328255268,1.7354259532448841,0
"(40822995,)","(40822995,)",76965623,7696562,0.1309,2.4165291523912575,8.013809907173318,203,1.4452969123543282,5.173901368517384,4.987340364449014,5.370310393472649,5.063922947766565,4.789634646879647,5.420128119043683,1.7511903441068428,0
"(40823500,)","(40823500,)",769656213,7696562,0.2903,1.8167748575477862,7.321105114803338,191,1.4183589451263439,4.79755767151587,4.574410436809809,4.9874994497217395,4.935309810729411,4.602324856440578,5.156903489996155,1.3371908921883913,0
"(40850000,)","(40850000,)",7696397,7696,25.3048,3.636690830580486,10.49132648767846,196,1.9100484828664541,6.815437181500586,6.534821470931555,7.108210606542453,6.474323676129593,6.33559615576197,6.990579404049737,3.5850457521658337,0
"(40930000,)","(40930000,)",76958597,76958,2.27,3.7925270480848265,9.552177775030312,200,1.4141537926702248,6.489969555472297,6.296398665232656,6.684028842281583,6.371624289163078,6.163618174871779,6.622393774475657,3.1816336657711917,0
"(40960000,)","(40960000,)",769583715,76958,4.744,3.9885090636210734,10.047694898741016,192,1.52384759524913,7.1230068405529865,6.90754685615442,7.32042706350154,7.082170585489456,6.751382443398448,7.410021642187545,3.2013812411680846,1
"(40963000,)","(40963000,)",7695835177,76958,4.3,4.40011654119831,10.394932961456563,206,1.6181724125057402,7.132272412164798,6.907931727035345,7.34892715638405,7.005452072475656,6.767323852411202,7.298428798113183,3.207586607161169,0
"(40975000,)","(40975000,)",769565991,76956,1.8049,5.016018663911534,11.927312076499371,186,1.7829588351126364,8.147359453544542,7.909982163292967,8.402798483873674,8.124115064356886,7.905111245478593,8.41816119977116,3.90075261106257,0
"(41020002,)","(41020002,)",7695557,76,267.5,6.89215778732676,18.408443378879966,200,2.9657633059960546,11.417972298633185,10.996813684440516,11.831829746383239,10.728742711839534,10.351785219643808,11.383476513934214,6.465353670886628,0
"(41050000,)","(41050000,)",76954793,76954,2.8698,3.4019788513959566,10.08342031788784,186,1.8233004631589076,6.591365172165664,6.320334074841664,6.857201283725138,6.4946643488376905,6.164546396942433,7.009543251282356,2.6145169147493883,0
"(41075001,)","(41075001,)",769543991,76954,9.669585,3.2147562081760386,10.635461311106319,186,1.9082359048269997,6.994023989723808,6.691879330278849,7.273667112325286,6.987133119509831,6.689667339619655,7.265575639142402,2.8692127424075515,1
"(41135000,)","(41135000,)",76951173,76,230.307,7.3693996099175125,19.7945492610634,193,3.2546324806315754,12.402340330872088,11.972992693502915,12.868197656861351,11.993189607346551,11.410277838353663,12.570299793570328,6.73865973762947,0
"(41150000,)","(41150000,)",769499975,7694,1.46,3.140877681417239,10.131294031952221,178,2.0002366183364884,6.746998041208777,6.454745901781276,7.031738669134414,6.936100642612809,6.512492070044875,7.242166391536869,2.536463150215887,0
"(41151000,)","(41151000,)",769499975,7694,0.8705000000000002,2.9887695545424853,9.895900658750605,191,1.93472493872687,6.572055130415125,6.302694159592322,6.868451144643216,6.789770388232398,6.251794659616696,7.129582464920299,2.576713822183364,0
"(41180000,)","(41180000,)",76949983,7694998,3.4419,2.64611202696313,9.339199901772172,181,1.8146791433067615,5.86636158132804,5.61878704340437,6.109540951001634,6.127642598584263,5.697899918306894,6.30867784815211,2.2352118368133933,1
"(41199998,)","(41199998,)",769499571,7694,11.5124,3.7207257451090827,8.764229031056685,212,1.3917156043834387,6.037930821458851,5.846106027280259,6.223621775855346,5.774423296103633,5.585442706448128,6.17454548732889,3.236934004636338,0
"(41250000,)","(41250000,)",76949831,769498,1.3317,2.0148393013286157,9.241001094621238,191,1.9072970271841967,5.4110534460067905,5.155377641461063,5.691481733149327,5.366584754785987,5.022122638052137,5.778309034016709,0.7311905341274523,0
"(41260000,)","(41260000,)",7694977,7694,18.8523,3.7888718650542486,9.826615229410631,220,1.6335709882364713,6.58691978692347,6.366142875515166,6.813827245336192,6.33255946942216,6.053283080275606,6.66832380924455,3.2479447384174023,0
"(41300000,)","(41300000,)",76949639,769496,1.523,1.8290441850045012,8.851904075921674,212,1.6968710719643219,5.035084141696489,4.812323484821817,5.259076713715343,5.0341231435539795,4.674609589735408,5.292627107310894,1.5317851921121504,0
"(41340000,)","(41340000,)",76949597,7694,21.8598,3.5597684227851514,9.81807443721233,175,1.6718739477738038,6.494732866255916,6.250160252705945,6.758674880039681,6.247248910820682,5.97564451608224,6.669879366185354,2.6460591739073105,0
"(41380000,)","(41380000,)",769495811,7694958,0.98,2.088122234121082,10.072041142563965,220,2.0317506099811045,6.4742359635570805,6.199980197521974,6.7359689726934,6.535811438700412,6.229208706583026,6.927648923649823,1.1885770888831138,0
"(41410000,)","(41410000,)",769495597,7694,26.3377,3.898859702773441,10.605160290259727,192,1.9062215620811098,7.03894428346558,6.772914033241456,7.3058731196846365,6.810565753411914,6.440918950205108,7.220465165225044,2.771633288543579,0
"(41440005,)","(41440005,)",769495675,7694956,0.5381,2.870035215012316,10.059341840959709,208,1.7595853181781629,6.242007204996113,6.00434211551286,6.46948901114423,6.188965354646119,5.877555714381587,6.439280721473748,1.293876081824604,0
"(41539998,)","(41539998,)",769495633,7694956,1.4889,2.256432195250131,10.454631446091208,175,2.197660547304689,6.162506255571994,5.83422430380581,6.511854326513027,6.092493766084577,5.637014073675366,6.463630092479091,1.7321394154589145,0
"(41600000,)","(41600000,)",769495513,7694,27.9617,4.301147897242715,11.71104938860899,192,2.047606862759506,7.751084666647135,7.457569334011028,8.0412593665016,7.6876871620065135,7.262158544216765,7.961288531341861,2.749632131841436,0
"(41650002,)","(41650002,)",7694937,7694,30.8772,4.951362153085507,12.243134629239908,193,2.0032791127667693,8.271561498250094,7.999442332293541,8.551373168800156,8.318681120548096,7.884034621891427,8.677761301374854,3.872859776428867,0
"(41685000,)","(41685000,)",769492513,769492,0.0535,5.088577395655936,13.21567095612668,204,2.0050507322758784,9.590054632968567,9.294342461377028,9.837955363676256,9.747679570412526,9.346186668571256,10.04385477630546,4.409450474718829,0
"(41780002,)","(41780002,)",7694837,76948,8.7703,3.7244936468296848,12.178039954385179,196,2.2129124741373416,7.1876397086702175,6.888297691280572,7.503169009852307,7.103793931983043,6.68346285602045,7.660271788957793,2.3762153578191345,1
"(41818000,)","(41818000,)",7694713,7694,41.95629000000001,4.847614514484127,13.978464690137873,195,2.9444695305921615,8.954693994448203,8.55809972542016,9.366912470650584,8.417628239775386,8.08542590757437,9.102943840362165,4.354584359635243,0
"(41890000,)","(41890000,)",7694439,76944,1.0565,5.420698989546327,14.398125347668065,200,2.2449089701521463,10.483533841156778,10.20683211511637,10.800569358517253,10.811689792700662,10.565474954687016,10.987383306637094,3.5690074287440403,0
"(41940000,)","(41940000,)",76942133,76942,0.3474,3.734955375167893,13.662069307525517,180,2.5222739940770063,9.004635211514366,8.635346276162332,9.346940513602844,9.17941531698475,8.747481690395826,9.692668531937088,3.066170254815389,0
"(41990000,)","(41990000,)",76941371,7694,49.4681,5.1051619919702445,15.354645804668808,214,2.9758414900614687,9.898746761370322,9.508499096905577,10.293146600009615,9.678790899748861,9.264706350076464,10.090894807367954,3.8513642173225726,0
"(42089998,)","(42089998,)",769257,7692,0.9925,5.887182261924844,15.676720529659585,195,2.5777748494777346,11.249789517767477,10.900626740193612,11.599919438857627,11.705860336452522,11.265043741096193,12.11474208248307,4.065881831800282,0
"(42100000,)","(42100000,)",7692453,76924,0.265,5.28768084940525,14.939110277775148,206,2.5777277813115624,10.54272905186506,10.190961192650192,10.905900965351698,10.89656768919054,10.42677873275685,11.231438171533092,3.0632459788548574,0
"(42145498,)","(42145498,)",769235,7692,1.4438,6.399764166770411,15.614701461715505,204,2.268558809856215,11.622263284390886,11.29670205809708,11.926570091800265,11.774501319089978,11.49818087176391,12.285119855941625,5.266612893752888,0
"(42187000,)","(42187000,)",76912733,76912,0.9316,5.193720741048886,16.114312514450365,209,2.898818391075147,11.450345795537999,11.06036611582322,11.843011390342324,11.8045929027866,11.286803162636252,12.286886825902275,4.321579226169461,0
"(42210000,)","(42210000,)",7691133,76,351.6975,9.309755526858176,22.30237561243,186,3.3714747677093877,15.764344527229554,15.297608074559703,16.248984733906003,15.5410130124936,15.377332533559251,16.10693252813314,7.053920725723267,0
"(42250000,)","(42250000,)",76899393,768,1.3146,4.464861178706137,12.413365408484927,182,2.101728262242389,8.665865449650035,8.347333503635879,8.957025967345112,8.758770763853441,8.325340673889032,9.050490149929757,2.8214514923323932,0
"(42251000,)","(42251000,)",7689577,768,4.2191,5.137630676577716,14.399444506766415,184,2.342677706818252,9.99965163347343,9.64653912763547,10.346201385322242,10.15141112037679,9.530266096295376,10.601817673487695,4.553097508694492,0
"(42255000,)","(42255000,)",768944393,768944,0.5634,3.74805807729076,13.236214188617533,197,2.386305928303632,8.371555491547973,8.060994262961188,8.685023489141491,8.475882696864133,8.004963677406227,8.78373253660181,2.2527727379066587,0
"(42257000,)","(42257000,)",7689411,76894,3.9056,6.0752671102358,15.687534840930628,186,2.477458308361883,10.642424973066806,10.28882658607365,10.990973267104915,10.600746077916845,10.062633705992312,11.168260630707268,4.345129347256181,0
"(42290000,)","(42290000,)",768911,768,14.04103499999995,6.649517538754427,16.287741100512463,177,2.5960475370273994,11.315177395443978,10.934601344742102,11.699981989852775,11.143903940799124,10.696801300757182,11.695628068881879,5.666633107256194,1
"(42365000,)","(42365000,)",7688133,7688,9.8188,5.394954128201373,14.282691311007802,216,2.4290007843451358,9.706693199697135,9.390665236286015,10.000479050216,9.740991863063321,9.286647842354883,10.092659487111375,3.6431420792324367,1
"(42395000,)","(42395000,)",768755,768,24.3336,6.988506785837672,17.480441953426563,213,2.771988584107821,11.520421626831045,11.189465875001943,11.901072509008626,11.56618329840896,11.18768027288746,11.896034277217876,6.011774617274723,0
"(42435000,)","(42435000,)",768641,76864,1.5634,7.526275724334906,16.908424415323516,199,2.476850318827348,12.635525070281316,12.311244229309267,12.962942725382812,12.769841361029549,12.337366184296872,13.135030853461252,6.436887833396962,0
"(42440000,)","(42440000,)",7686915,7686,1.2908,4.685563010080822,15.478462179421962,207,2.728672273447195,10.232749140239187,9.88044166217851,10.610162950390034,10.275838929274364,9.799616119797477,10.738132530051093,3.247160583706936,0
"(42460000,)","(42460000,)",76847751,7684,14.8822,7.991826224097691,16.765646872646474,202,2.320019496960215,12.309939659141346,12.001030128445045,12.614809717782896,12.420527686073472,12.178703216611622,12.723628916819507,5.782531907990328,1
"(42490000,)","(42490000,)",76847333,7684,14.6056,8.320441100700549,16.56552589106701,193,2.194226692261218,12.639322981682612,12.362888919095129,12.952352184501057,12.788047595688777,12.403702312615962,13.095520050449018,6.599622228196713,1
"(42540000,)","(42540000,)",7684717,7684,16.5676,7.699827757250672,16.302235054190323,201,2.4549815951045137,12.556258107394063,12.222918135166946,12.905862934439657,12.764593982965062,12.418202828132682,13.125382215246674,5.742276861079982,0
"(42545002,)","(42545002,)",7684653,76846,0.9202,5.4431553647485105,14.79344614784391,184,2.4548892148529076,10.294071114326266,9.95620977821804,10.649055276455664,10.380390368729483,9.888685082209411,11.041541335556992,3.87242649669489,0
"(42545500,)","(42545500,)",76846111,76846,1.0102,5.722868344911187,15.600871317527666,188,2.6530649725047555,11.307136698198713,10.948435542506335,11.680379036686972,11.641024010963209,11.004323863260815,11.914071390370575,3.884562893169432,0
"(42546000,)","(42546000,)",7684473,76844,1.1114,6.876427654502079,16.605577552404142,184,2.5157173857720876,11.767185887264151,11.374870587013318,12.14635218535716,11.711025105209394,11.17642537364259,12.237902200573654,4.461328255306716,0
"(42600000,)","(42600000,)",7684319,7684,19.0626,8.118994303520253,17.904876707603314,208,2.661915699313127,13.126563873621159,12.778547716390216,13.496858763171947,12.95582668401713,12.498636242042354,13.397730246092834,7.516706175042907,0
"(42690001,)","(42690001,)",7683771,768,48.2795,8.529135508641126,21.07994494741756,210,3.1931311079528384,14.241292765951398,13.767964778174388,14.704124669443798,14.133073361922307,13.532020915254309,14.514952062448273,7.225172844338195,0
"(42750000,)","(42750000,)",76833,768,60.9434,9.304831202144042,19.20396996719441,194,2.926388495411149,14.51183658548409,14.133461701102446,14.905749578654062,14.45735359944429,14.103254788315226,14.792463860720282,7.673018816690458,0
"(42840000,)","(42840000,)",76829935,7682,0.8080000000000002,3.8039049629110226,13.659076663008223,193,2.6026470896035527,8.73372225926269,8.38782341925271,9.099932567576902,8.777887545993167,8.132198529636021,9.400258028760309,2.6312733945644355,0
"(42850000,)","(42850000,)",7682353,7682,4.8713,7.1983141843235945,16.680902398558988,202,2.5780870942996432,12.137148857904581,11.76954918221478,12.491718409479128,12.27604879075855,11.71883014765308,12.614221697861188,5.043513792800024,0
"(42860000,)","(42860000,)",768215,7682,6.2164,7.69153247100823,16.500681139532407,180,2.4890205250314867,12.593321480103219,12.229255288486742,12.948163067602408,12.85538595388384,12.634434400512653,13.441359439459113,6.327731000245967,0
"(42980000,)","(42980000,)",768173,768,72.7823,8.990286887322835,21.5895435320842,191,3.3569648134013286,15.677660596353398,15.250798058093446,16.135248820647437,15.545290940767096,15.083255745968081,16.08330608751062,7.678111820441297,0
"(43200000,)","(43200000,)",76795,76,417.366,11.901199513686322,23.225858002050657,210,3.1463083030946275,18.219296984507768,17.794399266706428,18.622438706499388,18.569729937328432,18.229447506629477,19.150732842149825,9.78010572726069,0
"(43250002,)","(43250002,)",76789191,7678,3.9026,8.135907822396142,17.58294306459471,193,2.3435214955158057,13.203299489577278,12.882183768341198,13.53045648628452,13.171005773015308,12.770573736907643,13.473793345949726,7.178218850791098,0
"(43300000,)","(43300000,)",7678817,76788,5.661469999999989,6.580054659753238,17.109194152315837,204,2.7760372471671597,12.288831884955666,11.894568110996719,12.673363723973662,12.391864595896784,11.932180686676332,12.762780318899145,4.68404540274906,0
"(43429998,)","(43429998,)",7678537,7678,14.256,8.218999731018686,20.118972635546235,203,3.1825495650065534,14.464012404584148,14.039793805517096,14.904033008899201,14.585771380200018,13.646948296621186,14.85343233360754,6.2354894317076175,1
"(43670000,)","(43670000,)",76783311,7678,21.952,9.810857919750143,19.407402523795668,200,2.8305391775613193,14.870934063184086,14.466736990114745,15.26374871309992,15.137939474201637,14.743829034751297,15.716739503279051,6.386371674190679,0
"(43675000,)","(43675000,)",7678235,76782,2.2008,6.150159039823938,17.275242321080352,208,2.878572575576283,12.18883933243552,11.800010769928353,12.564777238601714,12.290107482359026,11.965962625709984,12.779705059775386,3.244994848829651,0
"(43880000,)","(43880000,)",76781573,7678,26.507345,8.800505633933259,22.144799206955096,193,3.2263388787298024,15.538393493021216,15.069683471857582,16.001145489821997,15.77748311707187,15.10953090301936,16.36411529053929,6.661542935696486,0
"(43980002,)","(43980002,)",7678139,7678,19.7051,9.633472314003868,21.620512322719566,211,3.1268284789512224,15.684181924951416,15.26964509238698,16.094867863594335,15.803021031126683,15.300068530053453,16.302095495087638,7.36293446178685,1
"(44200000,)","(44200000,)",767557,76,480.486,12.85004136679284,23.28688003245903,204,2.7676846773584654,18.803645632982192,18.41615445363521,19.196920418005746,19.013179055065592,18.677761738912007,19.51693441394353,10.94022701947045,0
"(44250000,)","(44250000,)",767231,7672,6.8993,6.644080275664463,20.209582746097137,188,3.234508491725648,14.965160303485366,14.52982066549382,15.4123719969738,15.543060176586435,15.048792773257997,15.828974916004958,5.424492035788688,1
"(44290002,)","(44290002,)",7671751,76,539.255,13.69866097631365,24.120228459064414,195,2.7591507031726663,19.404695418377656,19.018100816445408,19.808333348570617,19.71164680174929,19.3023906960889,19.951645077081054,11.334630648644747,0
"(44500000,)","(44500000,)",7671113,76,499.1056,13.666148638885204,24.08503404891193,207,2.8354404442641856,19.575270899351477,19.209221196087668,19.944226594068503,19.927069073500782,19.45245433974624,20.433359493939946,11.720650187182994,0
"(44540000,)","(44540000,)",7658713,7658,0.9242,5.686679924472806,17.334793341356274,187,3.020686859925388,12.255734296453362,11.826050268525538,12.696970268517337,12.463423366942626,12.07474837310149,12.937327563736728,3.4001555692602228,0
"(44630000,)","(44630000,)",7669391,766,0.2635,4.324602146186563,15.980926363513332,196,2.9466086547942347,11.516972028177527,11.12191599367093,11.919632331079926,12.036933072916693,11.566112963087235,12.551191234728199,2.4072037385815115,0
"(44670000,)","(44670000,)",766519,766,0.0224,4.67296953889229,18.12491760374658,207,3.3568084036229644,12.369561658048438,11.928980636670719,12.805954809163454,12.783917436161198,12.406745895806392,13.170731933871734,2.6811531596150058,0
"(44950000,)","(44950000,)",766191,766,0.0,4.961632207127836,17.849448241688584,195,3.190684303599516,11.89852155188476,11.487361653018691,12.327729328805654,12.348968979416117,11.659736600937908,12.847638771332305,2.2654637287377897,0
"(45131000,)","(45131000,)",765641311,76564,29.2342,10.222596611054898,20.39871166575592,224,2.8397825471620592,15.945411785948668,15.573707733482857,16.331734898552508,16.49849557184735,15.857852879987995,16.89684470120278,7.961080122684789,0
"(45170001,)","(45170001,)",7656571,7656,35.2917,8.013055607711987,20.756460617294504,199,3.4211819937107535,14.813726911016236,14.323218483509445,15.274264736890942,15.275823483195145,14.720537850155313,16.157123817639544,6.420252336958508,0
"(45210000,)","(45210000,)",7656393,7656,60.6356,9.224915164913178,20.431096906030028,216,3.31477612019247,15.376837772404636,14.9453137232639,15.805128559918852,15.885249491501106,15.351460216362666,16.394815382356956,6.5217304425916875,0
"(45220000,)","(45220000,)",765623371,76562,3.8259,7.98067624032118,19.785162771831665,208,3.14342370399067,14.532724399163065,14.143508959838016,14.946015127485305,15.114777524192643,14.48693455760166,15.416403912145407,4.454443793827355,0
"(45260000,)","(45260000,)",7656193,7656,64.84307000000018,7.9440807158132385,20.381470698167167,180,3.4762910265434845,14.931306855845186,14.38139911405295,15.409117607456295,15.741072501501478,14.98887499413395,16.168289573192116,6.462852075986671,0
"(45298000,)","(45298000,)",765593,76,592.418,13.948257094529126,24.99174641648683,223,2.9496003516859,20.245568154076075,19.88238192746637,20.601139036990176,20.578586052801313,20.036311831608984,21.341981096555752,12.049522412968672,0
"(45480000,)","(45480000,)",765131,76,521.196,13.500522631933869,24.439664983390916,225,2.8540441385275646,20.01163742286437,19.64050628517571,20.370812741067095,20.629275136329312,20.018166283772903,20.938490689842737,12.130193007638894,0
"(45590000,)","(45590000,)",76461117,7646,21.0648,10.688504296372946,21.137930076182958,194,2.8899631001032637,16.409586495068126,16.03167482431051,16.80155348453627,16.796388696727124,16.083743534153154,17.25901580296304,8.66818843367206,1
"(45740001,)","(45740001,)",764711,764,19.308,9.705228911250536,22.21682318426128,221,3.5325716885120193,16.55849188658512,16.093320804580244,17.018289108836083,17.00441759672111,16.413814934882403,17.657722389256605,7.3331509970667135,1
"(45770000,)","(45770000,)",76441333,7644,30.2317,11.951297893803208,21.414110859013682,207,2.6350758953296363,17.444403260059946,17.11921189413157,17.79502462003374,17.82138270449445,17.393967031194997,18.28066748367536,10.551904610889842,0
"(45840000,)","(45840000,)",7642331,7642,38.6483,10.092906640313638,20.41259028760456,189,3.018688869627454,15.655287692157929,15.2077579662898,16.080489168138108,15.790172528296534,15.169623671380187,16.706738314571908,8.220243372500507,0
"(45880000,)","(45880000,)",76421513,7642,37.4758,8.931297289561925,21.54864981859107,209,3.333202174823247,15.654374831513037,15.21040524326936,16.128138964736184,16.355629366034396,15.661925250655091,16.85917369084673,7.8175621195842915,0
"(45910001,)","(45910001,)",764199,764,116.727,11.142928026211749,22.884726743295687,195,3.206929033463306,17.14138735206524,16.692951659466637,17.56565357998328,17.707609785393117,17.16725894833631,18.265478025950895,8.782931241453783,0
"(45960001,)","(45960001,)",7641511,764,100.569,10.240507795967254,22.8787198229395,211,3.27576844009353,16.779055864625796,16.35070900704075,17.19848650613025,17.40049061715691,16.958738625519146,17.671031432660925,7.891115180771351,0
"(46035000,)","(46035000,)",763935,76,651.657800000002,14.521358241424535,24.035904598308154,196,2.593432831699169,19.98501370957616,19.63198638721459,20.370859800128585,20.293601237945982,19.79403786501347,20.997225251935042,12.900259417337125,0
"(46105000,)","(46105000,)",7637,76,653.749,13.32168841347717,24.505913828710753,173,2.774620680252115,19.544962494053284,19.14851572657435,19.987246362870714,19.95427124411571,19.434781624528632,20.26714806398616,12.122499364226478,0
"(46150000,)","(46150000,)",763379,76,674.9713000000012,14.476366615727727,24.026168656719857,221,2.6569394701592537,19.923100876560216,19.56866767798901,20.25697877173222,20.38817399083647,19.801954629889476,20.871489772100162,10.112730723474035,0
"(46360000,)","(46360000,)",763193,76,649.721,13.944178962959507,24.15558581123262,190,2.923805339448187,19.75551182587744,19.31871146914912,20.184442909628633,20.27662611229468,19.86049089485673,20.992907722214774,11.951372370106325,0
"(46415000,)","(46415000,)",7628113,7628,12.7955,11.935191344169521,22.78686628278322,213,2.6484827833050204,18.237017060452917,17.90332990536081,18.589240073408796,18.785388513717788,18.297815417143536,19.044916081238114,9.240744977316062,1
"(46455000,)","(46455000,)",762913,762,25.9419,11.812323865304164,21.419977585177193,178,2.68604907859139,17.372697820971187,17.00125360054108,17.76735642116999,17.888325287167707,17.34770499116187,18.258303099602212,9.61139448654224,0
"(46490000,)","(46490000,)",7627817,76278,1.7296,8.918575143468388,21.636650429090885,198,3.429022715977269,16.60585020150092,16.134848512659744,17.08415784471093,17.315287876300722,17.048903080153067,17.87940336702666,5.209305775115408,0
"(46543000,)","(46543000,)",762619,7626,22.3438,12.41253367086358,22.40724884665043,222,2.8189633850020903,17.68784388449386,17.34378231255387,18.046231036307173,18.15597386049162,17.592465306581403,18.785146547214985,10.015765567629822,1
"(46550000,)","(46550000,)",762595,762,44.9176,12.299152250836844,23.29216967330512,196,3.2518759395186625,18.41388840422586,17.937449724687543,18.871322507112303,18.84235064423336,18.389411623470174,19.407382819731488,9.586065687099142,0
"(46570000,)","(46570000,)",762455,7624,4.1632,11.840929625938047,21.032468373762637,194,2.3637390399801275,16.96279712728643,16.64338923995462,17.300411449063912,17.003537384729736,16.603605261571484,17.46682223796742,10.430041413143938,0
"(46590000,)","(46590000,)",7624175,7624,26.5578,12.337185510409903,22.456134696142797,217,2.7465998145247843,17.87958589878228,17.509180784899108,18.239119426083402,18.37741140896608,17.85671873021553,18.76245943710373,10.170893067935863,0
"(46610000,)","(46610000,)",7623993,762,92.2362,12.44798076671468,23.081727554351705,184,2.9919761998301264,18.776227093559882,18.3428891569098,19.238750263221156,19.38726238567213,18.74046038911136,20.113567566813252,10.131777044221035,0
"(46650000,)","(46650000,)",762377,762,90.0729,12.05767050374656,24.084134009838188,204,3.1829482555789728,18.782993028386556,18.37063683153523,19.222479767233253,19.51463316540903,18.996706801495687,19.87673055598414,9.600813323872146,0
"(46675000,)","(46675000,)",7623371,762,91.2264,12.233558354003977,23.049104330683242,205,3.0096600933293156,18.25347142003501,17.83994907060018,18.665252581224692,18.73522031958516,18.09674526346254,19.20463899088105,10.052596710233914,0
"(46770000,)","(46770000,)",762291,7622,23.9332,11.620977123765277,22.23405001417357,210,3.0363271790490804,17.90955217780901,17.492262542334064,18.348495723581582,18.411353615035445,18.087925836440757,18.88704413537111,10.36578218253905,0
"(46790000,)","(46790000,)",76225737,7622,65.8824,11.999998891138121,22.58204195530338,196,3.0841884506150943,17.67248877575503,17.247216054870474,18.096768179908125,18.165870128531466,17.591766016600076,18.633104991825917,11.147250355957203,0
"(46870000,)","(46870000,)",7622351,7622,63.9294,9.848938445631417,23.000829620218738,202,3.535780092485262,17.456208587009954,16.964259581091067,17.94641249681614,18.160183805154013,17.351696804801193,18.422235920673693,8.377407191557365,0
"(46902000,)","(46902000,)",762311,762,155.102,11.636045691865863,23.18389434881738,208,3.268587137033889,18.054322287137307,17.594332340925543,18.49673845650028,18.843188865784363,18.09498289567922,19.315476964815918,9.501436694760942,0
"(47249000,)","(47249000,)",7619457,76194,0.0,5.2641389566222685,15.73296649325397,192,2.6287288736135612,11.00270008298346,10.62306550063385,11.34331433137478,11.18129520739769,10.893886909092725,11.515902309403225,4.316549354227814,0
"(47480000,)","(47480000,)",76187333,7618,0.0813,4.938112523639017,15.586428265013932,181,2.8060710882290967,10.278200625302214,9.85526046951798,10.690850181060789,10.424397977003913,10.003997113905804,10.725993731979953,2.0230414971629074,0
"(47900000,)","(47900000,)",7616313,7616,0.1093,5.727573540539604,14.360428545397944,189,2.209147950364228,10.108340624160201,9.812966509204278,10.41924306527782,10.088923898047014,9.776924909426462,10.458960995493069,4.497675912441532,0
"(48020000,)","(48020000,)",761593,76,893.539,12.066276636275761,23.0146164313229,196,2.954524700398191,18.454413157728396,18.025288180860834,18.858726410621244,19.059761428560613,18.40405693909096,19.55061064069574,10.00564135749017,0
"(48290000,)","(48290000,)",76153553,76,819.714,11.866207537540571,22.886178763766154,214,2.9390685842849247,18.239908266253877,17.85215881473807,18.620601743263435,18.48697315120353,17.96136207296868,18.979771891736256,9.493273073385362,0
"(48430000,)","(48430000,)",7614511,7614,0.0,6.676248915278452,17.405130064947862,219,2.9445846166190837,12.194741394034414,11.786058895913415,12.570496558700215,12.162287735265064,11.445110633268119,12.63119430871574,4.992597213458899,0
"(48460000,)","(48460000,)",76142153,76142,0.0,6.105770638744489,16.75049470573522,187,2.7701697585828815,11.875520060630638,11.462902985649484,12.244398345495568,11.912528739839907,11.53462480347364,12.304689348777048,4.932234219603659,0
"(48590000,)","(48590000,)",761375,76,806.112,12.055880866669309,22.535700581037656,195,2.9747615907552176,17.811022175086855,17.34985399765181,18.239559923430914,18.171577813202013,17.52686484213701,18.68883844261945,10.166718542494936,0
"(48860000,)","(48860000,)",76125111,7612,0.0,6.8308448570162685,15.949236921743681,207,2.379259150130306,11.573523306473744,11.2709352509495,11.879051825127748,11.712072663978326,11.298920496720255,12.113320087884853,5.556842666767917,0
"(48880000,)","(48880000,)",76124197,76124,0.0,5.9157674629568895,15.244782287644895,221,2.3178887774008565,10.791952109899787,10.489891812686272,11.107259776963106,10.919565463312516,10.667123093822235,11.155545539690118,5.299958738757198,0
"(49160000,)","(49160000,)",76118195,76118,0.0,6.6284407758980555,14.892136228275884,216,2.291212909244985,11.07871809201101,10.780231636412866,11.3802813652341,11.231183034558619,10.885423693680847,11.607491743201694,4.270403546922697,0
"(49330000,)","(49330000,)",76117153,76,710.2378499999994,11.832472640487925,22.104507204526037,198,2.755169936972411,17.638197758748777,17.238879548490978,18.01509775905508,18.19616590094811,17.388196921447875,18.52675801113049,9.951686529924752,0
"(49370000,)","(49370000,)",7611555,76,781.017,10.7350074941799,22.36726192485739,232,3.1243231114759715,17.488721027354444,17.071404708904048,17.891079054057716,17.82828406036797,17.34331180034068,18.313098936381113,8.953186332441117,0
"(49480000,)","(49480000,)",76114533,76114,0.0,6.490052417985906,15.196497434347878,207,2.3044094548474345,11.150193130474747,10.847211042734669,11.462307823449695,11.160087332138444,10.962140898673258,11.571538988830676,4.802093049144517,0
"(49660000,)","(49660000,)",761119993,76,804.869,9.285346635335898,21.983433766501932,196,3.4322701837741016,16.638719142449112,16.171555148983074,17.156806719213154,16.896332060164283,16.17630730069834,17.33861870574586,7.668633878330538,0
"(49705000,)","(49705000,)",76111953,76,749.272,9.788074424106947,21.98050518148056,190,3.2255647328274657,16.929333331119032,16.46406775254727,17.363722329293786,17.48794177139249,17.08226999293291,18.018764635616947,8.443063573750758,0
