,index,q95,knnr_intervalo_i,knnr_intervalo_f,knnr_qtde_dados,knnr_desvio_padrao,knnr_media,knnr_media_lower_bound,knnr_media_upper_bound,knnr_mediana,knnr_mediana_lower_bound,knnr_mediana_upper_bound,knnr_mse,knnr_rmse,knnr_r2_score,knnr_dentro_intervalo
"(0,)","(0,)",2.601039999999997,3.521607500000001,18.894033333333333,600,3.837775594668515,11.554696361111112,11.257127379027779,11.871659449722225,12.120580000000002,12.120580000000002,12.120580000000002,94.87193621204045,9.740222595610454,-4.810578675360295e+32,0
"(1,)","(1,)",7.1585,2.248312000000001,4.380581333333321,580,1.3295400450288553,3.4696347471264377,3.3713871485632185,3.5908912689655175,3.423880000000001,3.423880000000001,3.423880000000001,15.372355866690956,3.9207596032772725,-4.8716940353331835e+30,0
"(2,)","(2,)",4.9898,2.337968000000001,12.099332000000006,587,1.8162692792364983,4.004419159568427,3.8621869690516752,4.165569436967632,3.6344600000000002,3.6344600000000002,3.6344600000000002,4.264189675805792,2.064991446908629,0.0,1
"(3,)","(3,)",1.143840000000003,3.9096133333333327,14.125466666666668,611,3.191410672181163,5.545678461538461,5.296650474631751,5.806042335515548,3.9096133333333327,3.9096133333333327,3.9096133333333327,29.544614358487763,5.435495778536468,-5.9923597000077724e+32,0
"(4,)","(4,)",30.2281,2.6276266666666666,32.89483333333334,616,7.632630915757484,19.20477409632035,18.642425846049786,19.798149949810607,16.092893333333333,16.092893333333333,16.092893333333333,179.67619553417092,13.404334953072865,0.0,1
"(5,)","(5,)",0.4344,4.9179666666666675,14.614633333333332,631,2.941367830717287,12.015262916006337,11.79442311014263,12.251666418383516,13.161566666666666,12.7781,13.568033333333332,142.75431958902092,11.94798391315543,0.0,0
"(6,)","(6,)",4.138,2.7192800000000013,5.560466666666663,580,0.9827212303151824,3.8440028965517246,3.7714422979885067,3.9314911298850577,3.524113333333334,3.524113333333334,3.524113333333334,1.0505102426300372,1.0249440192664365,-3.329199849039674e+29,1
"(7,)","(7,)",44.5338,2.3179366666666676,27.128213333333335,617,7.451646823419998,22.35528603997839,21.761776343733118,22.9500757689087,27.102256666666666,27.102256666666666,27.102256666666666,547.3235266526483,23.39494660503948,-2.710214832344769e+30,0
"(8,)","(8,)",1.06597,2.3435333333333337,19.68556666666667,612,6.82284497762451,6.464228649237473,5.899497647058823,6.986918513071895,3.771333333333333,3.771333333333333,3.771333333333333,75.61634595827184,8.695765978812437,0.0,0
"(9,)","(9,)",50.0127,4.346323333333333,28.7581,616,6.214082548404526,21.617008988095236,21.161160880275972,22.13674839163961,25.275956666666662,25.275956666666662,25.275956666666662,844.8674035627366,29.066602889961818,-1.6734322988118263e+31,0
"(10,)","(10,)",7.8011,3.7574,16.464566666666666,596,2.70757724912148,9.463503131991052,9.231957852348994,9.681686079418343,9.228866666666667,9.228866666666667,9.228866666666667,10.082258440328111,3.175257224277761,-1.2780780963538062e+31,1
"(11,)","(11,)",2.2915,5.593933333333332,16.899966666666668,586,3.5446455010961615,8.641982764505117,8.37213135665529,8.940002856939703,8.392133333333334,5.593933333333332,9.904833333333332,52.871701924423576,7.271293002239944,0.0,0
"(12,)","(12,)",4.6613,4.804,17.625133333333334,597,3.9654070319536374,7.951810329424903,7.651385124232273,8.274567893634842,4.804,4.804,4.804,26.52557203998511,5.150298247673149,-3.3625157317884265e+31,0
"(13,)","(13,)",0.6751,0.10437333333333317,1.149873333333333,645,0.8519219162472095,0.9874716899224806,0.9259719312661497,1.0566652979328166,1.0782,1.0782,1.0782,0.8222217977661325,0.90676446653259,-6.670655714937419e+31,1
"(14,)","(14,)",3.1201,0.10437333333333317,0.33487333333333313,620,0.9252011570996258,0.33274746236559133,0.26993396451612894,0.4121630059139784,0.26320000000000005,0.26320000000000005,0.26320000000000005,8.62395070954079,2.93665638261285,-4.372862517315219e+31,0
"(15,)","(15,)",20.7338,3.757399999999999,12.589066666666668,596,3.3158840153119455,7.9912392617449655,7.728770274049216,8.254810209731543,5.593933333333332,5.593933333333332,5.593933333333332,173.34949283890006,13.166225459063812,0.0,0
"(16,)","(16,)",4.3194,4.917966666666667,17.946566666666666,641,2.860951991676665,10.024079771190847,9.816167180187207,10.249045240509622,9.228866666666667,9.228866666666667,9.228866666666667,40.715648407519495,6.380881475746082,-5.161321614247364e+31,0
"(17,)","(17,)",0.7619,8.238166666666666,25.3864,558,3.6691626296961535,18.001952807646354,17.719440373357223,18.262805194145756,18.607466666666667,18.607466666666667,18.607466666666667,310.6580484135881,17.625494274305844,-2.520357513838178e+34,0
"(18,)","(18,)",0.4606,1.9135566666666666,7.842333333333333,603,1.6308098347312987,3.0565087396351576,2.9381627441956883,3.19211729277225,2.39029,2.39029,2.39029,9.393872386285167,3.0649424768313627,0.0,0
"(19,)","(19,)",1.9377,1.8746666666666665,10.383133333333333,584,2.19601934384339,6.679146347031963,6.498186458333333,6.86182455622146,5.595366666666666,5.595366666666666,5.595366666666666,27.295556713196348,5.224514973966134,-1.384049154041881e+32,1
"(20,)","(20,)",2.254,1.7692333333333332,10.2777,601,2.133700669037095,6.558121297836938,6.391071894065446,6.733592554076539,5.489933333333333,5.489933333333333,5.489933333333333,23.070563519254947,4.803182644794485,0.0,1
"(21,)","(21,)",1.91,1.5281666666666667,10.383133333333333,582,2.4913953654871697,8.626477835051546,8.427576364547537,8.834221032359679,10.383133333333333,10.118466666666666,10.383133333333333,51.30746034005536,7.162922611619879,0.0,1
"(22,)","(22,)",12.6221,1.6781666666666666,6.821666666666666,611,1.988906592507871,5.753237806873977,5.595030928805238,5.905852515002728,6.812433333333334,6.812433333333334,6.812433333333334,51.130543040218214,7.1505624282442435,0.0,0
"(23,)","(23,)",16.2733,1.4135,11.433866666666667,616,2.943874981244173,3.769040097402597,3.5264188866341986,3.988744564393939,1.4135,1.4135,3.627416666666667,165.00884678588562,12.845576934722926,-1.307334772944349e+31,0
"(24,)","(24,)",19.7695,7.585133333333334,16.459733333333332,602,2.9231940536310876,11.1591419158361,10.911171021594683,11.396467116555923,9.172099999999999,9.172099999999999,9.172099999999999,82.66913535511077,9.092256890074696,-6.549723690828432e+30,0
"(25,)","(25,)",0.036,0.1360066666666665,1.1629666666666667,622,0.812016982874978,0.2935124973204714,0.2360744351554125,0.3632298274383707,0.1360066666666665,0.1360066666666665,0.16656666666666667,0.7246241838267953,0.8512486028339754,-1.504985549320893e+34,0
"(26,)","(26,)",0.0785,0.12183999999999984,1.1494171666666664,578,0.80339222708782,0.2745564936562859,0.21937256747404832,0.34345920386389833,0.12183999999999984,0.12183999999999984,0.1524,0.6827605426572855,0.8262932546362008,-3.5450954207709575e+33,0
"(27,)","(27,)",0.1986199999999995,0.0818,1.2898166666666662,645,0.9569395621021327,0.3026097157622739,0.23360577260981913,0.37917011498708003,0.13493333333333332,0.0818,0.13493333333333332,0.9251274449105944,0.9618354562556916,-1.2008840814884078e+33,1
"(28,)","(28,)",0.1309,0.10437333333333317,1.2599516666666692,607,0.8780738869136347,0.3175735090609554,0.25078862520593065,0.38983003102690816,0.17497333333333318,0.17497333333333318,0.17497333333333318,0.8045905459917995,0.8969897134258561,0.0,1
"(29,)","(29,)",0.2903,0.0818,1.2791916666666663,595,0.9503705677804215,0.30245515966386544,0.2319457733893556,0.38533436834733875,0.12183999999999982,0.12183999999999982,0.12183999999999982,0.9018339737305695,0.9496493951614825,0.0,1
"(30,)","(30,)",25.3048,10.951433333333334,20.481966666666665,637,2.989528491539091,18.191987179487178,17.95514356619571,18.42291116169545,20.481966666666665,20.481966666666665,20.481966666666665,59.51535655355487,7.714619663570905,-4.715292341119432e+30,0
"(31,)","(31,)",2.27,3.1679899999999996,5.3468333333333335,621,0.7034377353234815,4.0404808534621575,3.986782251744497,4.093999753354804,4.393999999999999,4.393999999999999,4.393999999999999,3.6286302808750563,1.9048963963625571,0.0,0
"(32,)","(32,)",4.744,2.035220666666668,3.5693333333333332,585,0.5707659376338993,2.7281865925925923,2.686097617806268,2.777301491168091,2.5453233333333336,2.5453233333333336,2.5453233333333336,4.388720570831927,2.094927342614041,0.0,0
"(33,)","(33,)",4.3,1.2655233333333333,2.939633333333333,609,0.9277515426241644,2.5511917487684728,2.487524724069513,2.633355215790914,2.6933233333333333,2.6933233333333333,2.6933233333333333,3.9176398862809565,1.9793028788644138,0.0,0
"(34,)","(34,)",1.8049,2.5434666666666668,6.237861666666666,638,0.9831102192402307,4.429742306687566,4.353746109587252,4.512308117293626,4.333328333333333,4.333328333333333,4.333328333333333,7.854787938930202,2.802639459318698,0.0,0
"(35,)","(35,)",267.5,24.500766666666667,101.87483333333334,589,27.06881242261882,87.00475008488965,84.80274853423882,89.16368840407469,101.87483333333334,100.7265,101.87483333333334,33310.011840069084,182.51030612014512,0.0,0
"(36,)","(36,)",2.8698,2.1885,7.929461666666666,603,1.1811595027181023,4.867873443891652,4.772558967108899,4.967344442924267,5.258161666666666,5.258161666666666,5.258161666666666,5.385121596734768,2.32058647689216,-2.730581049761132e+31,1
"(37,)","(37,)",9.669585,1.7117666666666667,5.662866666666666,610,1.1690478897202066,3.7458324043715843,3.6519863524590157,3.8376131475409836,2.991566666666666,2.991566666666666,2.991566666666666,36.455277335184384,6.037820578253744,0.0,0
"(38,)","(38,)",230.307,107.23203666666666,215.71973333333332,597,48.328101686622404,182.54953070910108,178.78094609575655,186.31567145449472,215.71973333333332,215.1784,215.71973333333332,4612.469048831589,67.9151606699976,-5.709960115513178e+30,0
"(39,)","(39,)",1.46,4.1596125,10.7791,586,1.9351504552138599,7.35397542662116,7.204350702502844,7.5179557963595,6.8618999999999994,6.8618999999999994,6.8618999999999994,38.47736315781191,6.203012426056545,-7.804136400351972e+32,0
"(40,)","(40,)",0.8705000000000002,2.270633333333333,10.7791,641,1.9790001262165533,7.50433125325013,7.355118352834113,7.650999877795112,7.0584,7.0584,7.0584,47.918048703028255,6.922286378287759,0.0,0
"(41,)","(41,)",3.4419,4.6143,15.851733333333334,617,3.155558066693345,6.99512938951918,6.751754982441924,7.249349404376011,4.6143,4.6143,4.6143,22.566847157363586,4.750457573472643,-1.1442750937716265e+32,0
"(42,)","(42,)",11.5124,1.924133333333333,14.021233333333333,587,2.457089413893096,7.896427541169788,7.702544862294149,8.110733275127767,8.0273,8.0273,8.0273,19.10226022214839,4.370613254698749,0.0,1
"(43,)","(43,)",1.3317,9.540866666666668,20.120633333333334,642,4.671374951495661,12.948907782969886,12.625095450674973,13.324537149662513,10.0822,10.0822,10.0822,156.74727035480274,12.519875013545573,-3.179212341590436e+33,0
"(44,)","(44,)",18.8523,16.101466666666667,22.311366666666668,608,2.034920377580859,18.498953782894738,18.337544841008775,18.66652830592105,18.3219,18.3219,18.3219,4.2589437998958335,2.0637208628823407,-3.374282915172656e+29,1
"(45,)","(45,)",1.523,9.477100000000002,26.73716666666663,573,4.2495119986743575,16.687981256544504,16.34161620098895,17.046202700843516,18.35376666666667,18.35376666666667,18.35376666666667,248.00349328931094,15.748126659679587,-5.030108434030283e+33,0
"(46,)","(46,)",21.8598,7.977866666666666,23.498266666666666,562,3.2185757602843714,15.657702431791218,15.393761247034398,15.917965333629894,14.972999999999999,14.972999999999999,14.972999999999999,48.80681137681099,6.986187184495631,-3.866873983565027e+30,1
"(47,)","(47,)",0.98,3.5991,27.201263333333333,605,7.547483959436784,10.105864396694216,9.496416373966943,10.732960592699726,3.5991,3.5991,9.996233333333334,140.15175888312424,11.838570812523116,-2.8426153803397525e+33,0
"(48,)","(48,)",26.3377,8.238166666666666,20.120633333333334,598,4.700787896173956,13.336896142697881,12.968699305044593,13.700695065496099,10.0822,10.0822,10.0822,191.08135559549802,13.823217989871173,-1.513902469456605e+31,0
"(49,)","(49,)",0.5381,3.6940000000000004,24.774130000000003,598,6.01072575453456,14.726854799331102,14.233873843227425,15.219780894091418,11.115366666666667,11.115366666666667,11.115366666666667,237.38917075796044,15.407438812403587,0.0,0
"(50,)","(50,)",1.4889,3.429466666666667,27.20126333333334,586,5.2891589630900615,16.054527195676908,15.612120522753132,16.482377486205916,14.491463333333336,14.491463333333336,14.491463333333336,240.08495888680284,15.494675178486409,-4.8695014758180063e+33,0
"(51,)","(51,)",27.9617,8.238166666666666,19.5793,586,4.809526298270599,16.25114683162685,15.855523571672357,16.678416149317407,19.5793,19.420566666666666,19.5793,160.22912509981927,12.658164365334306,-1.2694659162926872e+31,0
"(52,)","(52,)",30.8772,9.7308,32.08523,577,7.310340804641416,26.158400479491625,25.588412134026576,26.713349502310802,32.08523,23.813663333333334,32.08523,75.61553273395852,8.695719218900672,-5.99087971604874e+30,1
"(53,)","(53,)",0.0535,0.7946333333333332,17.31233333333333,611,6.494698968395262,13.711285215493726,13.244954198036007,14.205546156573925,16.957333333333334,16.957333333333334,16.957333333333334,228.6471754883779,15.12108380667133,0.0,0
"(54,)","(54,)",8.7703,10.798433333333334,24.604496666666666,602,6.072193505566268,20.41694162790698,19.94245980800111,20.90137272715947,24.604496666666666,24.604496666666666,24.604496666666666,172.45454678263957,13.132195048149399,0.0,0
"(55,)","(55,)",41.95629000000001,3.429466666666667,19.939633333333333,570,4.203095944889016,11.607300760233919,11.270688808479532,11.964061192982456,13.542499999999999,13.542499999999999,13.542499999999999,938.6961703876927,30.638148938662937,-1.8592793184748422e+31,0
"(56,)","(56,)",1.0565,0.46446666666666664,17.263452499999996,570,5.5213924027855406,2.725275380116959,2.274238976608187,3.177090440058479,0.46446666666666664,0.46446666666666664,0.6149,33.217101520672514,5.763427931420026,-6.737228588883607e+32,1
"(57,)","(57,)",0.3474,0.7008333333333333,17.3204375,576,7.846011227837101,6.704655266203703,6.110062783564814,7.316661281828703,0.7008333333333333,0.7008333333333333,0.7008333333333333,101.86771189419558,10.09295357634204,0.0,0
"(58,)","(58,)",49.4681,1.0023333333333333,17.405163333333338,617,4.993056748101763,12.91800885467315,12.521450079416534,13.296820164640737,14.808396666666669,14.808396666666669,14.808396666666669,1360.799372237202,36.88901424865135,0.0,0
"(59,)","(59,)",0.9925,0.4583333333333333,1.1086458333333336,556,0.707764293005679,0.8620040767386092,0.8195546837529976,0.927156723621103,0.9492333333333334,0.9492333333333334,0.9492333333333334,0.5170585266746602,0.7190678178549366,-1.0487192827076112e+31,1
"(60,)","(60,)",0.265,0.4058333333333333,1.2223333333333333,577,1.1333659253023844,0.9817173887926056,0.8984980935875216,1.0821535355285963,0.8796333333333334,0.8796333333333334,0.8796333333333334,1.7959759344386672,1.340140266702955,-5.828275126493777e+32,0
"(61,)","(61,)",1.4438,0.507,0.7988,604,0.6696169794565812,0.7324128587196469,0.698499946192053,0.7931605035871965,0.7713333333333333,0.7713333333333333,0.7713333333333333,0.9537162015397351,0.9765839449528827,-1.9343662645267716e+31,0
"(62,)","(62,)",0.9316,0.18363333333333332,2.8693666666666666,571,1.9693419238072216,1.3573186047869235,1.1970436636018682,1.5258660445125511,0.18363333333333332,0.18363333333333332,0.5770666666666666,4.052751810904636,2.013144756569839,-8.219957225070888e+31,1
"(63,)","(63,)",351.6975,262.7254583333334,429.08033333333333,580,46.67855474448846,333.10519264367815,329.36997200574706,337.09846689942526,305.05766666666665,305.05766666666665,305.05766666666665,2520.8046633264294,50.20761559092833,0.0,1
"(64,)","(64,)",1.3146,6.018935666666664,16.064478333333316,569,2.7198006298881903,10.93903739601639,10.713214019405376,11.151199193614517,9.359644999999983,9.359644999999983,9.359644999999983,100.01411010175654,10.000705480202711,-5.071317868071356e+32,0
"(65,)","(65,)",4.2191,1.9278666666666666,14.093411666666649,599,3.282603960866361,8.407468283249848,8.114076378964928,8.666478516068434,6.4204116666666495,6.4204116666666495,6.4204116666666495,28.299928510205913,5.319767712053404,0.0,1
"(66,)","(66,)",0.5634,3.1385000000000005,14.093411666666649,566,2.4671352935562436,6.907546595995275,6.722374139796806,7.117905754932258,6.412478333333316,6.412478333333316,6.412478333333316,46.324198601339965,6.806188257853287,0.0,0
"(67,)","(67,)",3.9056,2.024433333333333,13.221811666666648,614,2.546701814611399,6.2895393105320165,6.094805036712799,6.488275158659052,6.27451166666665,6.27451166666665,6.27451166666665,12.158293755599699,3.486874496680329,-6.164987350814837e+31,1
"(68,)","(68,)",14.04103499999995,1.9278666666666666,10.819433333333334,619,3.190668629827833,8.860970113085623,8.62199894722671,9.116943980883146,10.819433333333334,10.819433333333334,10.819433333333334,36.996992065788284,6.082515274603779,0.0,0
"(69,)","(69,)",9.8188,1.8635000000000002,14.197911666666649,616,2.942342537143893,8.87949789502164,8.65100960829274,9.125590119656378,8.568333333333333,8.568333333333333,8.568333333333333,9.525613862631278,3.0863593216978606,-3.0187875326267207e+30,1
"(70,)","(70,)",24.3336,2.8960333333333335,9.255144999999983,593,1.6911351934496281,6.378249879145575,6.225625185216401,6.50384403105676,7.388578333333317,7.388578333333317,7.388578333333317,325.2497133749024,18.034680850375544,-6.442234287246166e+30,0
"(71,)","(71,)",1.5634,0.8874000000000001,7.067513333333294,629,2.4269732458960696,2.7872410704822466,2.594549908585056,2.9811228073661895,0.8874000000000001,0.8874000000000001,0.8874000000000001,7.378621715550257,2.7163618528374043,0.0,1
"(72,)","(72,)",1.2908,0.9782666666666667,9.9342,617,2.073767455732207,2.6198909130199888,2.4644303138168553,2.7931996131820633,2.0108,2.0108,2.0108,6.060024080744423,2.4617116160802475,-1.2291189061365107e+32,1
"(73,)","(73,)",14.8822,6.1997333333333335,16.745266666666666,600,3.4398803841042063,13.783632,13.519738380555555,14.055903188888891,16.745266666666666,12.247200000000001,16.745266666666666,13.019907412474067,3.608310880796452,0.0,1
"(74,)","(74,)",14.6056,6.1997333333333335,16.837466666666668,594,3.376163605389719,13.892612384960719,13.639121588103256,14.163540822109992,16.837466666666668,12.247200000000001,16.837466666666668,11.887642668125872,3.4478460911307907,-3.767344340887118e+30,1
"(75,)","(75,)",16.5676,5.637933333333333,16.183466666666664,640,3.1821207116302435,13.271507328124997,13.013158845442709,13.512669243098957,12.104500000000002,11.685400000000001,16.183466666666664,20.974297418375148,4.57977045476901,0.0,0
"(76,)","(76,)",0.9202,5.575733333333333,15.351799999999999,592,2.7115862100056973,8.666806007882883,8.463054317708334,8.866871315596846,7.0614,7.0614,7.0614,67.35018431469011,8.206715805649061,-5.464096100607923e+33,0
"(77,)","(77,)",1.0102,6.1997333333333335,12.5236,561,2.5907064400923354,8.525028045157457,8.302160059417707,8.731788630421866,7.0314000000000005,7.0314000000000005,7.0314000000000005,63.172436485704104,7.948108988036343,-1.2812892324637201e+33,0
"(78,)","(78,)",1.1114,6.1659999999999995,15.351799999999999,608,2.6650507627278723,8.599922406798244,8.390692168311402,8.82274584690241,6.9976666666666665,6.9976666666666665,6.9976666666666665,63.168781668904415,7.947879067330128,0.0,0
"(79,)","(79,)",19.0626,1.0139333333333334,10.7278,607,3.1342710349495735,3.730811971444262,3.48600913509061,3.978765439319056,1.0139333333333334,1.0139333333333334,5.5120000000000005,244.87119512758557,15.648360780848119,0.0,0
"(80,)","(80,)",48.2795,20.180533333333333,51.892566666666674,590,8.967183535238023,40.667899152542375,39.955314774011306,41.3868642881356,45.096366666666675,45.096366666666675,45.096366666666675,138.2105592350602,11.756298704739523,-6.843855405164192e+29,1
"(81,)","(81,)",60.9434,21.2773675,47.67126666666667,598,9.369072905046714,40.55008811036789,39.794733556995546,41.32910357065217,47.67126666666667,47.67126666666667,47.67126666666667,503.5199084210334,22.439249283811467,-9.973239283387282e+30,0
"(82,)","(82,)",0.8080000000000002,1.9199333333333335,9.9342,594,1.7602280251675568,4.121349494949495,3.981635148709316,4.274341907968575,3.891,3.891,3.891,14.07147141010475,3.751195997292697,-1.141613387463274e+33,0
"(83,)","(83,)",4.8713,1.2207333333333332,9.466248208333308,608,1.4587241240640687,3.021858212719298,2.9012814122121706,3.1316532460937503,3.023533333333333,3.023533333333333,3.023533333333333,5.544811198498556,2.354742278572871,-1.7572208109822258e+30,1
"(84,)","(84,)",6.2164,8.713266666666668,17.776881666666668,642,3.6174873571898423,15.107277414330218,14.83147907015836,15.37816678686397,17.027915,17.027915,17.027915,92.11353246395812,9.597579510686959,0.0,0
"(85,)","(85,)",72.7823,22.721481666666666,45.243415,588,6.751656601969805,40.10360689058957,39.48691904613096,40.63421095741214,43.72496666666667,43.72496666666667,45.243415,1113.4043249261576,33.36771381030108,0.0,0
"(86,)","(86,)",417.366,440.6102,543.5928666666667,602,31.18246276913081,488.94606395348836,486.52865567829457,491.4941952782392,506.28219999999993,506.28219999999993,506.28219999999993,6094.436347268684,78.06687099704128,0.0,0
"(87,)","(87,)",3.9026,11.507689999999997,16.628733333333333,589,1.4517161684495492,12.757679071873225,12.648161926570454,12.864887384691562,12.161689999999995,12.161689999999995,12.161689999999995,80.51632713863123,8.973089052195528,-4.082662817018334e+32,0
"(88,)","(88,)",5.661469999999989,7.304280000000001,16.628733333333333,604,1.9867913736160632,12.401178587196469,12.24178777869757,12.554145193156733,11.5754,11.5754,11.5754,49.3644764715418,7.025985800693152,-1.5644227057275567e+31,0
"(89,)","(89,)",14.256,2.8385566666666633,14.101800000000003,616,3.050179195451288,9.076419350649351,8.84784086052489,9.304986601190475,10.505356666666664,10.505356666666664,10.505356666666664,36.116545591900135,6.009704284896232,0.0,0
"(90,)","(90,)",21.952,11.841500000000002,35.718615,646,6.3358842421723,20.118063557791537,19.64845126406089,20.574661269349843,20.156148333333334,20.156148333333334,20.156148333333334,43.444610473106444,6.591252572395208,0.0,1
"(91,)","(91,)",2.2008,4.1771666666666665,17.47628166666667,629,3.926458795793598,14.641969189189192,14.315496550211979,14.969821729663487,17.47628166666667,17.47628166666667,17.47628166666667,170.1752590101524,13.04512395533873,-8.628910769128563e+32,0
"(92,)","(92,)",26.507345,15.789695833333333,51.1436,586,8.190678821066092,34.08992030716724,33.399131936860066,34.73163877133106,38.14646666666667,38.14646666666667,38.14646666666667,124.46818452891071,11.156531025767405,-2.465346387927995e+30,1
"(93,)","(93,)",19.7051,12.531681666666666,40.41388166666667,585,9.46575424712423,25.555672552706554,24.81227931075498,26.362341254415952,18.225248333333333,18.225248333333333,18.225248333333333,123.67653940764386,11.120995432408192,-9.798664963390625e+30,1
"(94,)","(94,)",480.486,485.24219999999997,550.9563333333334,570,23.800652964614326,502.5537794152047,500.63140338157905,504.52533607894736,485.24219999999997,485.24219999999997,492.60566666666665,1052.4641609451478,32.441704038862504,-3.2572188118672276e+29,0
"(95,)","(95,)",6.8993,27.923166666666663,53.590123333333395,610,7.077069843773219,37.78880875956289,37.26382166065578,38.35927293060114,34.653556666666724,34.653556666666724,34.653556666666724,1004.1645625585047,31.68855570325831,-1.41436645606134e+32,0
"(96,)","(96,)",539.255,465.65253333333334,537.5731999999999,575,25.675093689655544,485.93176631884063,483.9818188985508,488.0026941217391,465.65253333333334,465.65253333333334,465.65253333333334,3501.4312332559934,59.17289272340835,0.0,0
"(97,)","(97,)",499.1056,479.03566666666666,557.132933333334,583,23.742896999275235,523.0864160663237,521.1956985606062,525.0141672755861,537.3863333333334,537.3863333333334,537.3863333333334,1137.8377586037427,33.73185080311696,0.0,1
"(98,)","(98,)",0.9242,0.584,3.5825333333333336,583,1.4434112996814972,1.7029902458547745,1.5980450333047456,1.8266815856203549,1.2827666666666666,1.2827666666666666,1.2827666666666666,2.686376780122708,1.6390170164225593,-2.1794477681675065e+32,1
"(99,)","(99,)",0.2635,0.4063333333333334,1.6944666666666668,597,0.345614149219598,0.6422532663316584,0.6148279075935232,0.6694498729759912,0.42663333333333336,0.4063333333333334,0.5770666666666666,0.26270309458589236,0.5125456999974659,0.0,0
"(100,)","(100,)",0.0224,0.17616666666666667,1.6741666666666666,591,0.8868528764302944,0.6230326565143824,0.5632332304004513,0.6988771235194585,0.3983666666666667,0.3983666666666667,0.3983666666666667,1.1459368036642223,1.0704843780570654,0.0,0
"(101,)","(101,)",0.0,0.40336666666666665,1.757201666666654,583,0.45841166473391887,1.3568894797026871,1.3187443739279585,1.3935035906232132,1.5908333333333333,1.5908333333333333,1.5908333333333333,2.0509298663712596,1.4321067929352405,0.0,0
"(102,)","(102,)",29.2342,29.590766666666667,45.58656666666666,609,6.182336235128638,34.09290470717023,33.62995843869732,34.60293451286262,29.9816,29.9816,29.9816,61.765532030992496,7.859105040078831,-5.437299566146081e+29,0
"(103,)","(103,)",35.2917,26.24565666666667,61.57335666666673,627,10.165587844592489,46.9542355555556,46.13750253973954,47.70430238304098,54.31815666666673,52.45093333333333,54.31815666666673,239.18909653763674,15.465739443610083,0.0,1
"(104,)","(104,)",60.6356,37.1386,73.4061233333334,605,9.596941679935664,48.974102639118506,48.246935193801704,49.78153063953173,45.87019000000006,45.87019000000006,45.87019000000006,227.93957676939075,15.097667924861467,-4.5148084579294807e+30,1
"(105,)","(105,)",3.8259,3.184366666666667,35.67802333333339,603,9.264197081205875,20.573403338861272,19.81354968988393,21.329725624378135,14.6402,14.6402,14.6402,366.1618850516248,19.1353569355689,-4.641653333663921e+32,1
"(106,)","(106,)",64.84307000000018,26.5556,71.61280000000001,618,10.66690773275842,43.32178921251348,42.55543053802589,44.17144780204962,44.4677,44.4677,44.4677,576.7643325548064,24.015918315875542,0.0,1
"(107,)","(107,)",592.418,557.3198000000007,660.1260333333344,589,27.403141258981417,575.091348726656,572.9420530800799,577.3038335002835,557.3198000000007,557.3198000000007,557.3198000000007,1049.8700679567285,32.40169853505721,-8.122976207318108e+28,1
"(108,)","(108,)",521.196,601.6107283333339,660.1260333333344,607,14.111508565237433,637.2408236683148,636.129323557112,638.3684410502477,632.6082666666673,632.6082666666673,632.6082666666673,13665.207710483706,116.89827933072286,0.0,0
"(109,)","(109,)",21.0648,24.087133333333338,37.24828333333335,597,4.584243312892441,28.442082747068675,28.11718424623115,28.830322881072025,27.225166666666667,27.225166666666667,27.225166666666667,75.40438599664986,8.683569887819747,0.0,0
"(110,)","(110,)",19.308,45.87019000000006,84.92393333333334,582,11.873299517967755,77.67969912943875,76.78598228164377,78.55134746606531,84.92393333333334,84.92393333333334,84.92393333333334,3547.988275200331,59.56499202719942,-2.8110059166627624e+32,0
"(111,)","(111,)",30.2317,21.0315,35.119433333333326,589,4.204883348816404,25.98023853989813,25.65028428268251,26.333570705998866,24.169533333333334,24.169533333333334,24.169533333333334,35.72594977349934,5.9771188522146135,-2.8305013546312507e+30,1
"(112,)","(112,)",38.6483,26.84356666666667,42.44853333333334,588,5.233047595946041,29.71756717687075,29.295976208900232,30.155468076814063,26.84356666666667,26.84356666666667,26.84356666666667,107.0962031323072,10.348729541944131,-2.121258846606775e+30,1
"(113,)","(113,)",37.4758,39.81425666666672,80.7352233333334,580,10.031336018361934,67.99299996551727,67.18859963620692,68.81874395057473,70.88476666666666,70.88476666666666,70.88476666666666,1031.7537000101815,32.120923087766045,0.0,0
"(114,)","(114,)",116.727,39.1398,67.62929000000007,599,8.32292974583006,53.54776090150252,52.86527731594325,54.1751831627713,52.45093333333333,52.45093333333333,52.45093333333333,4060.7717679454236,63.724185110093195,0.0,0
"(115,)","(115,)",100.569,39.1398,73.01529000000006,609,9.525061810701258,57.519964241926665,56.81100943240285,58.22645338232074,57.83693333333333,57.83693333333333,57.83693333333333,1943.7973055103687,44.08851670798609,-9.625218050985289e+30,0
"(116,)","(116,)",651.657800000002,580.4148666666666,659.4804333333337,608,27.99536519440398,635.7138938596495,633.4739974095398,637.8909167187503,659.4804333333337,640.3794333333338,659.4804333333337,1036.6595685508732,32.19719814752323,-2.0051912297147397e+28,1
"(117,)","(117,)",653.749,571.0800558333337,658.7833666666678,598,28.05917697330725,634.6448291527323,632.5375105379051,636.8932584489975,658.7833666666678,639.0367666666671,658.7833666666678,1150.9701718792662,33.92595130396886,-8.905200373703248e+28,1
"(118,)","(118,)",674.9713000000012,581.0604666666673,651.7092666666673,606,25.978312613433094,628.686751045105,626.7298047304735,630.7596624257432,632.6082666666674,631.2656000000006,651.7092666666673,2816.0185468359987,53.066171397944274,0.0,0
"(119,)","(119,)",649.721,588.9118800000003,689.2921100000003,629,28.648489332573106,641.0764526232123,638.8775577530481,643.2396233108118,660.1260333333345,660.1260333333345,660.1260333333345,894.1593137727506,29.902496781585825,-6.918222600120172e+28,1
"(120,)","(120,)",12.7955,25.95143333333333,55.79516666666666,608,7.945282089069755,34.275636074561405,33.670313563596494,34.89993079906798,32.07136666666667,32.07136666666667,32.07136666666667,524.4199251192726,22.90021670463563,-1.6619530821227227e+32,0
"(121,)","(121,)",25.9419,13.100833333333334,38.26133333333333,624,6.016124551796582,19.105195085470083,18.688462904647434,19.584996590544872,17.688266666666667,17.688266666666667,17.688266666666667,82.87628589919159,9.10364135383153,-6.566135847799785e+30,1
"(122,)","(122,)",1.7296,10.011066666666666,49.24115999999991,625,11.289941138427501,18.201644976000008,17.37546628120001,19.130757523066677,15.338966666666666,10.011066666666666,15.338966666666666,398.58709616706994,19.96464615682106,0.0,0
"(123,)","(123,)",22.3438,21.76506666666667,45.78593333333333,602,7.944957751771152,27.359081727574758,26.761029962624583,27.93694321013289,21.76506666666667,21.76506666666667,27.885,88.17055007627168,9.389917469087344,0.0,1
"(124,)","(124,)",44.9176,43.52656666666667,91.1785,594,15.115736685419751,79.60758810325476,78.39521542227835,80.83997047979797,91.1785,91.1785,91.1785,1431.4961144305014,37.83511747610282,0.0,1
"(125,)","(125,)",4.1632,14.087089999999996,24.947833333333335,612,3.0411358695922646,18.813620806100218,18.581067568491285,19.06369061560457,17.98239,17.98239,17.98239,223.86822523297585,14.962226613474876,-2.8378669008861028e+32,0
"(126,)","(126,)",26.5578,26.68563333333333,67.67873333333334,602,9.853298590963417,46.4974650055371,45.688658116002216,47.238631989202666,41.1985,41.1985,41.1985,494.5164587502031,22.23772602471312,-9.794907589959898e+30,0
"(127,)","(127,)",92.2362,53.84943333333333,112.13376666666666,621,15.033284097217189,82.08533188405796,80.92923399892646,83.25702724369297,75.40563333333334,75.40563333333334,75.40563333333334,328.6758257029645,18.129418791096544,-1.6275238583315308e+30,1
"(128,)","(128,)",90.0729,49.6465,112.85486666666668,594,15.907496682976355,82.3568689674523,81.09724883417509,83.62760447109987,76.12673333333333,76.12673333333333,76.12673333333333,312.1595781213487,17.668038321255384,0.0,1
"(129,)","(129,)",91.2264,67.02773333333333,112.47036666666668,593,14.89086091085618,100.71421219786399,99.53497901349074,101.91456008431703,112.47036666666668,103.75586666666668,112.47036666666668,311.3823936080854,17.64603053403471,0.0,1
"(130,)","(130,)",23.9332,45.13493333333333,74.016,597,6.728415944742573,53.21505153545505,52.693596319095484,53.77673930346175,52.1232,52.1232,52.1232,902.6225786757175,30.043677848687526,0.0,0
"(131,)","(131,)",65.8824,31.80286666666667,66.76686833333333,552,11.476534044292817,41.91666026570048,40.9444269142512,42.91671725392512,31.80286666666667,31.80286666666667,43.86812791666666,705.8289080992594,26.56744075177847,-3.495095464884617e+30,1
"(132,)","(132,)",63.9294,59.96283333333334,104.07026666666667,584,17.087547311996254,91.21720502283104,89.85719539668949,92.52417926940639,104.07026666666667,103.68576666666667,104.07026666666667,1036.1086030333106,32.188640900685925,0.0,1
"(133,)","(133,)",155.102,66.69113333333333,91.1785,587,8.451091327037496,83.4803893810335,82.77300498580351,84.13652520300967,85.5782,82.464,91.1785,5200.954381157591,72.1176426483672,-6.438469670931699e+30,0
"(134,)","(134,)",0.0,0.043899999999999995,1.3192,573,0.34085552903347105,0.36293525305410124,0.3365297324025597,0.3908605700988947,0.33516666666666667,0.33516666666666667,0.33516666666666667,0.24770172781656005,0.4976964213419261,0.0,0
"(135,)","(135,)",0.0813,0.03643333333333333,1.3192,630,0.2965318502391656,0.1981477248677249,0.17544155158730163,0.22085523809523813,0.03643333333333333,0.03643333333333333,0.03643333333333333,0.1014449557777778,0.3185042476604948,0.0,1
"(136,)","(136,)",0.1093,0.007466666666666667,0.33516666666666667,593,0.1716237795403569,0.13583771781899942,0.12305840921866215,0.15154453625632375,0.0271,0.0271,0.0271,0.03010930147648492,0.1735203200679532,0.0,1
"(137,)","(137,)",893.539,765.3746166666665,802.281,618,11.7921065221873,778.9977234897517,778.0058641410461,779.986139465345,778.6879499999999,778.6879499999999,778.6879499999999,13258.53279471735,115.1457024587429,-1.0258292880474312e+30,0
"(138,)","(138,)",819.714,765.3746166666665,826.8893333333332,593,18.23342393895941,800.0436422147272,798.5268983726811,801.4673175049184,803.2962833333331,803.2962833333331,803.2962833333331,718.820086925751,26.81082033295048,0.0,1
"(139,)","(139,)",0.0,0.0,21.886333333333337,564,7.6967100781446955,2.890133569739953,2.3047856442080383,3.5352056530732856,0.0,0.0,0.5765333333333333,67.48718377648542,8.215058355026178,0.0,1
"(140,)","(140,)",0.0,0.0,0.6129666666666667,587,0.18335343618744263,0.07047722884724589,0.05599406161272005,0.08517233816013628,0.0,0.0,0.0,0.03852825065682377,0.19628614484171766,0.0,1
"(141,)","(141,)",806.112,765.3746166666665,831.4233333333335,580,20.32339476655987,802.7219633333332,801.0792463103447,804.3283451091953,807.8302833333332,807.8302833333332,807.8302833333332,423.8205848614699,20.586903236316772,0.0,1
"(142,)","(142,)",0.0,0.0,0.03643333333333333,620,0.04976537404122397,0.009338548387096773,0.006028685483870967,0.013474379032258062,0.0,0.0,0.0,0.002559806435483871,0.05059452969920633,0.0,1
"(143,)","(143,)",0.0,0.0,0.03643333333333333,591,0.018955805869349637,0.031000338409475463,0.029631772419627746,0.03261190073322053,0.03643333333333333,0.03643333333333333,0.03643333333333333,0.001319735566835871,0.036328164925245966,0.0,1
"(144,)","(144,)",0.0,0.0,0.06353333333333333,596,0.020264631876891755,0.017511017897091717,0.01590682466442953,0.019045974552572707,0.0,0.0,0.01355,0.0007166020339299029,0.026769423488934217,0.0,1
"(145,)","(145,)",710.2378499999994,778.386,816.3076666666666,629,11.946074789692204,783.9495316905142,783.0617317302598,784.8776034472709,778.386,778.386,778.386,5575.893838644096,74.67190796172343,0.0,0
"(146,)","(146,)",781.017,754.7929499999999,816.0279916666667,588,17.800491263107002,765.6883342403628,764.289361040958,767.1082531660996,754.7929499999999,754.7929499999999,755.2072833333332,551.2866098976607,23.479493390992506,-1.0663433867409597e+28,1
"(147,)","(147,)",0.0,0.0,0.06353333333333333,602,0.024445378301628934,0.0184844407530454,0.016674768826135104,0.020520910852713174,0.0,0.0,0.0271,0.0009382584182355112,0.03063100419894051,0.0,1
"(148,)","(148,)",804.869,746.8422833333333,805.109883333333,585,18.41134368321575,759.9101339316238,758.4900158034188,761.4367650121083,746.8422833333333,746.8422833333333,755.2072833333332,2359.6977655274295,48.57672040728387,-1.8257277153491563e+29,1
"(149,)","(149,)",749.272,765.3746166666665,810.2316666666667,596,14.999479689203135,773.4768988814316,772.2952701419182,774.6751304984618,765.3746166666665,765.3746166666665,765.3746166666665,810.4840302183084,28.469001215678578,0.0,0
